-- phpMyAdmin SQL Dump
-- version 4.0.10deb1
-- http://www.phpmyadmin.net
--
-- Client: localhost
-- Généré le: Jeu 21 Décembre 2017 à 10:06
-- Version du serveur: 5.5.57-0ubuntu0.14.04.1
-- Version de PHP: 5.5.9-1ubuntu4.22

SET SQL_MODE = "NO_AUTO_VALUE_ON_ZERO";
SET time_zone = "+00:00";


/*!40101 SET @OLD_CHARACTER_SET_CLIENT=@@CHARACTER_SET_CLIENT */;
/*!40101 SET @OLD_CHARACTER_SET_RESULTS=@@CHARACTER_SET_RESULTS */;
/*!40101 SET @OLD_COLLATION_CONNECTION=@@COLLATION_CONNECTION */;
/*!40101 SET NAMES utf8 */;

--
-- Base de données: `michelm_tequiladb`
--

-- --------------------------------------------------------

--
-- Structure de la table `category`
--

DROP TABLE IF EXISTS `category`;
CREATE TABLE IF NOT EXISTS `category` (
  `cat_id` int(10) unsigned NOT NULL AUTO_INCREMENT,
  `cat_name` varchar(255) DEFAULT NULL,
  PRIMARY KEY (`cat_id`),
  UNIQUE KEY `id_UNIQUE` (`cat_id`)
) ENGINE=InnoDB  DEFAULT CHARSET=utf8 AUTO_INCREMENT=13 ;

--
-- Vider la table avant d'insérer `category`
--

TRUNCATE TABLE `category`;
--
-- Contenu de la table `category`
--

INSERT INTO `category` (`cat_id`, `cat_name`) VALUES
(1, 'Antojitos (street food)'),
(2, 'Cheese dishes'),
(3, 'Egg dishes'),
(4, 'Meat dishes'),
(5, 'Poultry dishes'),
(6, 'Moles, sauces, dips and spreads'),
(7, 'Rice dishes'),
(8, 'Soups and stews'),
(9, 'Vegetable dishes'),
(10, 'Desserts and sweets'),
(11, 'Non-alcoholic beverages'),
(12, 'Alcoholic beverages');

-- --------------------------------------------------------

--
-- Structure de la table `country`
--

DROP TABLE IF EXISTS `country`;
CREATE TABLE IF NOT EXISTS `country` (
  `cou_id` int(10) unsigned NOT NULL AUTO_INCREMENT,
  `cou_name` varchar(255) DEFAULT NULL,
  PRIMARY KEY (`cou_id`),
  UNIQUE KEY `id_UNIQUE` (`cou_id`)
) ENGINE=InnoDB  DEFAULT CHARSET=utf8 AUTO_INCREMENT=250 ;

--
-- Vider la table avant d'insérer `country`
--

TRUNCATE TABLE `country`;
--
-- Contenu de la table `country`
--

INSERT INTO `country` (`cou_id`, `cou_name`) VALUES
(1, 'Afghanistan'),
(2, 'Albania'),
(3, 'Antarctica'),
(4, 'Algeria'),
(5, 'American Samoa'),
(6, 'Andorra'),
(7, 'Angola'),
(8, 'Antigua and Barbuda'),
(9, 'Azerbaijan'),
(10, 'Argentina'),
(11, 'Australia'),
(12, 'Austria'),
(13, 'Bahamas'),
(14, 'Bahrain'),
(15, 'Bangladesh'),
(16, 'Armenia'),
(17, 'Barbados'),
(18, 'Belgium'),
(19, 'Bermuda'),
(20, 'Bhutan'),
(21, 'Bolivia, Plurinational State of'),
(22, 'Bosnia and Herzegovina'),
(23, 'Botswana'),
(24, 'Bouvet Island'),
(25, 'Brazil'),
(26, 'Belize'),
(27, 'British Indian Ocean Territory'),
(28, 'Solomon Islands'),
(29, 'Virgin Islands, British'),
(30, 'Brunei Darussalam'),
(31, 'Bulgaria'),
(32, 'Myanmar'),
(33, 'Burundi'),
(34, 'Belarus'),
(35, 'Cambodia'),
(36, 'Cameroon'),
(37, 'Canada'),
(38, 'Cabo Verde'),
(39, 'Cayman Islands'),
(40, 'Central African Republic'),
(41, 'Sri Lanka'),
(42, 'Chad'),
(43, 'Chile'),
(44, 'China'),
(45, 'Taiwan, Province of China'),
(46, 'Christmas Island'),
(47, 'Cocos (Keeling) Islands'),
(48, 'Colombia'),
(49, 'Comoros'),
(50, 'Mayotte'),
(51, 'Congo'),
(52, 'Congo, the Democratic Republic of the'),
(53, 'Cook Islands'),
(54, 'Costa Rica'),
(55, 'Croatia'),
(56, 'Cuba'),
(57, 'Cyprus'),
(58, 'Czechia'),
(59, 'Benin'),
(60, 'Denmark'),
(61, 'Dominica'),
(62, 'Dominican Republic'),
(63, 'Ecuador'),
(64, 'El Salvador'),
(65, 'Equatorial Guinea'),
(66, 'Ethiopia'),
(67, 'Eritrea'),
(68, 'Estonia'),
(69, 'Faroe Islands'),
(70, 'Falkland Islands (Malvinas)'),
(71, 'South Georgia and the South Sandwich Islands'),
(72, 'Fiji'),
(73, 'Finland'),
(74, '?land Islands'),
(75, 'France'),
(76, 'French Guiana'),
(77, 'French Polynesia'),
(78, 'French Southern Territories'),
(79, 'Djibouti'),
(80, 'Gabon'),
(81, 'Georgia'),
(82, 'Gambia'),
(83, 'Palestine, State of'),
(84, 'Germany'),
(85, 'Ghana'),
(86, 'Gibraltar'),
(87, 'Kiribati'),
(88, 'Greece'),
(89, 'Greenland'),
(90, 'Grenada'),
(91, 'Guadeloupe'),
(92, 'Guam'),
(93, 'Guatemala'),
(94, 'Guinea'),
(95, 'Guyana'),
(96, 'Haiti'),
(97, 'Heard Island and McDonald Islands'),
(98, 'Holy See'),
(99, 'Honduras'),
(100, 'Hong Kong'),
(101, 'Hungary'),
(102, 'Iceland'),
(103, 'India'),
(104, 'Indonesia'),
(105, 'Iran, Islamic Republic of'),
(106, 'Iraq'),
(107, 'Ireland'),
(108, 'Israel'),
(109, 'Italy'),
(110, 'C?te d''Ivoire'),
(111, 'Jamaica'),
(112, 'Japan'),
(113, 'Kazakhstan'),
(114, 'Jordan'),
(115, 'Kenya'),
(116, 'Korea, Democratic People''s Republic of'),
(117, 'Korea, Republic of'),
(118, 'Kuwait'),
(119, 'Kyrgyzstan'),
(120, 'Lao People''s Democratic Republic'),
(121, 'Lebanon'),
(122, 'Lesotho'),
(123, 'Latvia'),
(124, 'Liberia'),
(125, 'Libya'),
(126, 'Liechtenstein'),
(127, 'Lithuania'),
(128, 'Luxembourg'),
(129, 'Macao'),
(130, 'Madagascar'),
(131, 'Malawi'),
(132, 'Malaysia'),
(133, 'Maldives'),
(134, 'Mali'),
(135, 'Malta'),
(136, 'Martinique'),
(137, 'Mauritania'),
(138, 'Mauritius'),
(139, 'Mexico'),
(140, 'Monaco'),
(141, 'Mongolia'),
(142, 'Moldova, Republic of'),
(143, 'Montenegro'),
(144, 'Montserrat'),
(145, 'Morocco'),
(146, 'Mozambique'),
(147, 'Oman'),
(148, 'Namibia'),
(149, 'Nauru'),
(150, 'Nepal'),
(151, 'Netherlands'),
(152, 'Curaçao'),
(153, 'Aruba'),
(154, 'Sint Maarten (Dutch part)'),
(155, 'Bonaire, Sint Eustatius and Saba'),
(156, 'New Caledonia'),
(157, 'Vanuatu'),
(158, 'New Zealand'),
(159, 'Nicaragua'),
(160, 'Niger'),
(161, 'Nigeria'),
(162, 'Niue'),
(163, 'Norfolk Island'),
(164, 'Norway'),
(165, 'Northern Mariana Islands'),
(166, 'United States Minor Outlying Islands'),
(167, 'Micronesia, Federated States of'),
(168, 'Marshall Islands'),
(169, 'Palau'),
(170, 'Pakistan'),
(171, 'Panama'),
(172, 'Papua New Guinea'),
(173, 'Paraguay'),
(174, 'Peru'),
(175, 'Philippines'),
(176, 'Pitcairn'),
(177, 'Poland'),
(178, 'Portugal'),
(179, 'Guinea-Bissau'),
(180, 'Timor-Leste'),
(181, 'Puerto Rico'),
(182, 'Qatar'),
(183, 'R?union'),
(184, 'Romania'),
(185, 'Russian Federation'),
(186, 'Rwanda'),
(187, 'Saint Barth?lemy'),
(188, 'Saint Helena, Ascension and Tristan da Cunha'),
(189, 'Saint Kitts and Nevis'),
(190, 'Anguilla'),
(191, 'Saint Lucia'),
(192, 'Saint Martin (French part)'),
(193, 'Saint Pierre and Miquelon'),
(194, 'Saint Vincent and the Grenadines'),
(195, 'San Marino'),
(196, 'Sao Tome and Principe'),
(197, 'Saudi Arabia'),
(198, 'Senegal'),
(199, 'Serbia'),
(200, 'Seychelles'),
(201, 'Sierra Leone'),
(202, 'Singapore'),
(203, 'Slovakia'),
(204, 'Viet Nam'),
(205, 'Slovenia'),
(206, 'Somalia'),
(207, 'South Africa'),
(208, 'Zimbabwe'),
(209, 'Spain'),
(210, 'South Sudan'),
(211, 'Sudan'),
(212, 'Western Sahara'),
(213, 'Suriname'),
(214, 'Svalbard and Jan Mayen'),
(215, 'Swaziland'),
(216, 'Sweden'),
(217, 'Switzerland'),
(218, 'Syrian Arab Republic'),
(219, 'Tajikistan'),
(220, 'Thailand'),
(221, 'Togo'),
(222, 'Tokelau'),
(223, 'Tonga'),
(224, 'Trinidad and Tobago'),
(225, 'United Arab Emirates'),
(226, 'Tunisia'),
(227, 'Turkey'),
(228, 'Turkmenistan'),
(229, 'Turks and Caicos Islands'),
(230, 'Tuvalu'),
(231, 'Uganda'),
(232, 'Ukraine'),
(233, 'Macedonia, the former Yugoslav Republic of'),
(234, 'Egypt'),
(235, 'United Kingdom'),
(236, 'Guernsey'),
(237, 'Jersey'),
(238, 'Isle of Man'),
(239, 'Tanzania, United Republic of'),
(240, 'United States of America'),
(241, 'Virgin Islands, U.S.'),
(242, 'Burkina Faso'),
(243, 'Uruguay'),
(244, 'Uzbekistan'),
(245, 'Venezuela, Bolivarian Republic of'),
(246, 'Wallis and Futuna'),
(247, 'Samoa'),
(248, 'Yemen'),
(249, 'Zambia');

-- --------------------------------------------------------

--
-- Structure de la table `customer`
--

DROP TABLE IF EXISTS `customer`;
CREATE TABLE IF NOT EXISTS `customer` (
  `cust_id` int(10) unsigned NOT NULL AUTO_INCREMENT,
  `cust_firstname` varchar(45) DEFAULT NULL,
  `cust_lastname` varchar(45) DEFAULT NULL,
  `cust_email` varchar(45) DEFAULT NULL,
  `cust_address` varchar(45) DEFAULT NULL,
  `cust_postcode` varchar(10) DEFAULT NULL,
  `cust_city` varchar(45) DEFAULT NULL,
  `cust_cou_id` int(10) unsigned NOT NULL,
  `cust_gender` tinyint(1) NOT NULL,
  `cust_dob` text NOT NULL,
  PRIMARY KEY (`cust_id`,`cust_cou_id`),
  UNIQUE KEY `id_UNIQUE` (`cust_id`),
  KEY `fk_customer_country_idx` (`cust_cou_id`)
) ENGINE=InnoDB  DEFAULT CHARSET=utf8 AUTO_INCREMENT=299 ;

--
-- Vider la table avant d'insérer `customer`
--

TRUNCATE TABLE `customer`;
--
-- Contenu de la table `customer`
--

INSERT INTO `customer` (`cust_id`, `cust_firstname`, `cust_lastname`, `cust_email`, `cust_address`, `cust_postcode`, `cust_city`, `cust_cou_id`, `cust_gender`, `cust_dob`) VALUES
(1, 'Victor', 'Abens', 'v.abens@gmail.com', '13 Rue de l Église', '8777', 'Shanghai', 67, 0, '03/03/1986'),
(2, 'François Hubert', 'Abinet', 'f.abinet@gmail.com', '98 Place de l Église', '5262', 'Beijing', 174, 1, '26/09/1949'),
(3, 'Florentin', 'Antony', 'f.antony@gmail.com', '89 Grande Rue', '7232', 'Delhi', 85, 0, '19/05/1972'),
(4, 'Guy', 'Arendt', 'g.arendt@gmail.com', '49 Rue du Moulin', '1582', 'Lagos', 76, 0, '31/12/1988'),
(5, 'Fränk', 'Arndt', 'f.arndt@gmail.com', '6 Place de la Mairie', '5380', 'Tianjin', 15, 1, '18/06/1986'),
(6, 'Jean', 'Asselborn', 'j.asselborn@gmail.com', '1 Rue du Château', '6904', 'Karachi', 166, 1, '09/09/1944'),
(7, 'Theophile', 'Aubart', 't.aubart@gmail.com', '92 Rue des Écoles', '2043', 'Chengdu', 43, 0, '18/10/1985'),
(8, 'Aloyse', 'Bauer', 'a.bauer@gmail.com', '43 Rue de la Gare', '1906', 'Istanbul', 245, 0, '12/06/1978'),
(9, 'Joseph', 'Baldauff', 'j.baldauff@gmail.com', '92 Rue de la Mairie', '2842', 'Tokyo', 7, 0, '09/12/1962'),
(10, 'Jean-Pierre', 'Bausch', 'j.bausch@gmail.com', '99 Rue Principale', '7163', 'Guangzhou', 42, 1, '07/09/1977'),
(11, 'Pierre', 'Becker', 'p.becker@gmail.com', '10 Rue du Stade', '2928', 'Mumbai', 170, 1, '28/12/1990'),
(12, 'Jeannot', 'Belling', 'j.belling@gmail.com', '95 Rue de la Fontaine', '2880', 'Moscow', 107, 1, '24/02/1983'),
(13, 'Albert', 'Berchem', 'a.berchem@gmail.com', '8 Rue Pasteur', '1396', 'São Paulo', 212, 0, '28/05/1978'),
(14, 'Will', 'Bertrand', 'w.bertrand@gmail.com', '43 Rue des Jardins', '9079', 'Lahore', 40, 1, '30/04/1977'),
(15, 'Xavier', 'Bettel', 'x.bettel@gmail.com', '64 Rue Victor-Hugo', '8961', 'Shenzhen', 83, 0, '10/03/1991'),
(16, 'Niki', 'Bettendorf', 'n.bettendorf@gmail.com', '64 Rue de l Église', '7126', 'Jakarta', 216, 0, '16/06/1987'),
(17, 'Jean Charles', 'Beving', 'j.beving@gmail.com', '70 Place de l Église', '3846', 'Seoul', 174, 1, '23/04/1971'),
(18, 'Leopold', 'Bian', 'l.bian@gmail.com', '74 Grande Rue', '3436', 'Wuhan', 138, 1, '09/07/1946'),
(19, 'Claude', 'Bicheler', 'c.bicheler@gmail.com', '40 Rue du Moulin', '7067', 'Kinshasa', 92, 0, '07/10/1962'),
(20, 'Nicolas', 'Birtz', 'n.birtz@gmail.com', '28 Place de la Mairie', '4854', 'Cairo', 47, 0, '09/08/1952'),
(21, 'Nicolas', 'Biwer', 'n.biwer@gmail.com', '82 Rue du Château', '2735', 'Dhaka', 193, 0, '18/05/1954'),
(22, 'Alex', 'Bodry', 'a.bodry@gmail.com', '16 Rue des Écoles', '2974', 'Mexico City', 82, 1, '12/06/1952'),
(23, 'Theodore', 'Boever', 't.boever@gmail.com', '98 Rue de la Gare', '2960', 'London', 101, 1, '28/09/1976'),
(24, 'Luc', 'Bonblet', 'l.bonblet@gmail.com', '9 Rue de la Mairie', '2177', 'Xi''an', 21, 1, '12/04/1982'),
(25, 'Jeannot', 'Bonifas', 'j.bonifas@gmail.com', '14 Rue Principale', '9877', 'Tehran', 213, 0, '08/01/1977'),
(26, 'Pierre', 'Bormann', 'p.bormann@gmail.com', '14 Rue du Stade', '9655', 'Lima', 139, 1, '22/03/1978'),
(27, 'Claude', 'Bosseler', 'c.bosseler@gmail.com', '3 Rue de la Fontaine', '2219', 'New York City', 21, 0, '11/01/1978'),
(28, 'Albert', 'Bousser', 'a.bousser@gmail.com', '96 Rue Pasteur', '7908', 'Bengaluru', 244, 0, '18/05/1944'),
(29, 'emile', 'Braas', 'e.braas@gmail.com', '45 Rue des Jardins', '1686', 'Bangkok', 152, 1, '11/12/1966'),
(30, 'Dominique', 'Brasseur', 'd.brasseur@gmail.com', '22 Rue Victor-Hugo', '1099', 'Ho Chi Minh City', 58, 1, '20/05/1972'),
(31, 'Victor', 'Braun', 'v.braun@gmail.com', '48 Rue de l Église', '4941', 'Dongguan', 59, 0, '31/12/1984'),
(32, 'Joseph', 'Brebsom', 'j.brebsom@gmail.com', '18 Place de l Église', '3995', 'Chongqing', 42, 0, '06/03/1942'),
(33, 'Jean-Pierre', 'Brimmeyr', 'j.brimmeyr@gmail.com', '2 Grande Rue', '6031', 'Nanjing', 206, 0, '12/04/1988'),
(34, 'Rodolphe', 'Brimmeyr', 'r.brimmeyr@gmail.com', '95 Rue du Moulin', '2024', 'Shenyang', 247, 1, '30/06/1963'),
(35, 'Marianne', 'Brosius-Kolber', 'm.brosius-kolber@gmail.com', '2 Place de la Mairie', '9217', 'Bogotá', 47, 1, '27/01/1947'),
(36, 'Emile', 'Calmes', 'e.calmes@gmail.com', '94 Rue du Château', '2969', 'Ningbo', 116, 1, '10/09/1953'),
(37, 'Pierre', 'Claude', 'p.claude@gmail.com', '97 Rue des Écoles', '7545', 'Hong Kong', 18, 0, '28/04/1983'),
(38, 'Raoul', 'Clausse', 'r.clausse@gmail.com', '98 Rue de la Gare', '9800', 'Hanoi', 195, 1, '30/11/1969'),
(39, 'Hubert', 'Clement', 'h.clement@gmail.com', '66 Rue de la Mairie', '5319', 'Baghdad', 236, 0, '29/09/1990'),
(40, 'Eugène Auguste', 'Collart', 'e.collart@gmail.com', '46 Rue Principale', '9116', 'Changsha', 216, 0, '01/03/1946'),
(41, 'Hubert Joseph', 'Collart', 'h.collart@gmail.com', '94 Rue du Stade', '3975', 'Hyderabad', 144, 1, '28/07/1970'),
(42, 'Jean-Nicolas', 'Collart', 'j.collart@gmail.com', '33 Rue de la Fontaine', '1279', 'Chennai', 225, 1, '19/10/1948'),
(43, 'Jean', 'Conzemius', 'j.conzemius@gmail.com', '21 Rue Pasteur', '1024', 'Rio de Janeiro', 223, 0, '06/07/1991'),
(44, 'Henry', 'Cravatte', 'h.cravatte@gmail.com', '8 Rue des Jardins', '8921', 'Foshan', 244, 0, '17/07/1941'),
(45, 'Jacques', 'DMartigny', 'j.dmartigny@gmail.com', '57 Rue Victor-Hugo', '3183', 'Santiago', 162, 0, '09/07/1947'),
(46, 'François-Joseph', 'Dargent', 'f.dargent@gmail.com', '8 Rue de l Église', '1276', 'Riyadh', 12, 1, '27/07/1965'),
(47, 'François Antoine', 'Defer', 'f.defer@gmail.com', '16 Place de l Église', '9894', 'Ahmedabad', 219, 1, '16/04/1956'),
(48, 'Gab', 'Dellere', 'g.dellere@gmail.com', '26 Grande Rue', '1306', 'Singapore', 230, 1, '12/08/1958'),
(49, 'Lex', 'Delles', 'l.delles@gmail.com', '85 Rue du Moulin', '4171', 'Shantou', 33, 0, '30/12/1948'),
(50, 'Mars', 'Di Bartolomeo', 'm.di bartolomeo@gmail.com', '46 Place de la Mairie', '9368', 'Saint Petersburg', 44, 1, '03/11/1986'),
(51, 'Jean-Pierre', 'Dichter', 'j.dichter@gmail.com', '22 Rue du Château', '7152', 'Yangon', 83, 0, '23/11/1949'),
(52, 'Gaston', 'Diderich', 'g.diderich@gmail.com', '15 Rue des Écoles', '2238', 'Abidjan', 133, 0, '05/08/1983'),
(53, 'Fernand', 'Diederich', 'f.diederich@gmail.com', '88 Rue de la Gare', '6280', 'Alexandria', 82, 1, '27/08/1987'),
(54, 'Roger', 'Diederich', 'r.diederich@gmail.com', '97 Rue de la Mairie', '2881', 'Kolkata', 171, 1, '03/03/1967'),
(55, 'Jean-Henri', 'Dondelinger', 'j.dondelinger@gmail.com', '99 Rue Principale', '5970', 'Ankara', 153, 0, '30/01/1989'),
(56, 'Jean-François', 'Doutreloux', 'j.doutreloux@gmail.com', '37 Rue du Stade', '1100', 'Surat', 177, 0, '21/10/1942'),
(57, 'Agnès', 'Durdu', 'a.durdu@gmail.com', '91 Rue de la Fontaine', '1145', 'Johannesburg', 158, 0, '31/05/1957'),
(58, 'Bonaventure', 'Dutreux-Boch', 'b.dutreux-boch@gmail.com', '20 Rue Pasteur', '4017', 'Dar es Salaam', 180, 1, '13/10/1958'),
(59, 'Theodore', 'Eberhard', 't.eberhard@gmail.com', '24 Rue des Jardins', '2262', 'Suzhou', 99, 1, '21/08/1986'),
(60, 'Emile', 'Eicher', 'e.eicher@gmail.com', '77 Rue Victor-Hugo', '1348', 'Harbin', 33, 1, '19/09/1944'),
(61, 'Nicolas', 'Eickmann', 'n.eickmann@gmail.com', '30 Rue de l Église', '5620', 'Giza', 51, 0, '23/09/1989'),
(62, 'Felix', 'Eischen', 'f.eischen@gmail.com', '59 Place de l Église', '6893', 'Zhengzhou', 90, 1, '06/03/1994'),
(63, 'Gustave', 'Elsen', 'g.elsen@gmail.com', '77 Grande Rue', '8314', 'Los Angeles', 225, 0, '09/12/1969'),
(64, 'Joëlle', 'Elvinger', 'j.elvinger@gmail.com', '90 Rue du Moulin', '7734', 'New Taipei City', 54, 0, '07/02/1948'),
(65, 'Georges', 'Engel', 'g.engel@gmail.com', '35 Place de la Mairie', '9980', 'Cape Town', 148, 1, '21/09/1981'),
(66, 'Guillaume', 'Ernser', 'g.ernser@gmail.com', '1 Rue du Château', '5473', 'Yokohama', 246, 1, '26/11/1987'),
(67, 'Marcel', 'Erpelding', 'm.erpelding@gmail.com', '34 Rue des Écoles', '8335', 'Berlin', 28, 0, '14/03/1993'),
(68, 'Fernand', 'Etgen', 'f.etgen@gmail.com', '10 Rue de la Gare', '8816', 'Busan', 107, 0, '24/11/1985'),
(69, 'Pierre', 'Even', 'p.even@gmail.com', '46 Rue de la Mairie', '9177', 'Hangzhou', 46, 0, '08/01/1975'),
(70, 'Robert', 'Everling', 'r.everling@gmail.com', '79 Rue Principale', '1301', 'Xiamen', 38, 1, '06/11/1968'),
(71, 'Michel', 'Ewen', 'm.ewen@gmail.com', '4 Rue du Stade', '9080', 'Quanzhou', 40, 1, '06/10/1959'),
(72, 'Jean Jacques', 'Faber', 'j.faber@gmail.com', '7 Rue de la Fontaine', '6702', 'Jeddah', 215, 1, '29/11/1984'),
(73, 'Jean Joseph Georges', 'Faber', 'j.faber@gmail.com', '68 Rue Pasteur', '4830', 'Durban', 109, 0, '21/07/1981'),
(74, 'Joseph', 'Faber', 'j.faber@gmail.com', '31 Rue des Jardins', '4648', 'Kabul', 204, 1, '21/02/1975'),
(75, 'Rene', 'Federspiel', 'r.federspiel@gmail.com', '22 Rue Victor-Hugo', '6675', 'Casablanca', 187, 0, '21/03/1991'),
(76, 'Alex', 'Federspil', 'a.federspil@gmail.com', '66 Rue de l Église', '4945', 'Hefei', 4, 0, '12/12/1994'),
(77, 'Adolphe', 'Fischer', 'a.fischer@gmail.com', '27 Place de l Église', '3164', 'Pyongyang', 27, 1, '06/05/1977'),
(78, 'Jules', 'Fischer', 'j.fischer@gmail.com', '98 Grande Rue', '1552', 'Madrid', 7, 1, '02/08/1954'),
(79, 'Colette', 'Flesch', 'c.flesch@gmail.com', '84 Rue du Moulin', '4294', 'Faisalabad', 117, 0, '16/08/1982'),
(80, 'Barthelemy', 'Foehr', 'b.foehr@gmail.com', '22 Place de la Mairie', '7602', 'Ekurhuleni', 97, 0, '12/06/1949'),
(81, 'Jean Mathias', 'Foehr', 'j.foehr@gmail.com', '63 Rue du Château', '8777', 'Nairobi', 151, 0, '19/09/1979'),
(82, 'Michel', 'Fohl', 'm.fohl@gmail.com', '48 Rue des Écoles', '4630', 'Zhongshan', 72, 1, '01/05/1988'),
(83, 'Jean', 'Fohrmann', 'j.fohrmann@gmail.com', '69 Rue de la Gare', '6751', 'Pune', 160, 1, '17/05/1969'),
(84, 'Edmond', 'de la Fontaine', 'e.de la fontaine@gmail.com', '62 Rue de la Mairie', '3988', 'Addis Ababa', 186, 1, '05/10/1968'),
(85, 'Marie-Josee', 'Frank', 'm.frank@gmail.com', '65 Rue Principale', '3865', 'Jaipur', 107, 0, '24/12/1970'),
(86, 'Raymond', 'Frisch', 'r.frisch@gmail.com', '38 Rue du Stade', '7603', 'Buenos Aires', 118, 1, '13/01/1946'),
(87, 'Jean', 'Gallion', 'j.gallion@gmail.com', '55 Rue de la Fontaine', '9902', 'Wenzhou', 177, 0, '05/12/1983'),
(88, 'Pierre', 'Gansen', 'p.gansen@gmail.com', '40 Rue Pasteur', '9998', 'Shanghai', 245, 0, '20/08/1953'),
(89, 'Marie-Therèse', 'Gantenbein-Koullen', 'm.gantenbein-koullen@gmail.com', '85 Rue des Jardins', '1944', 'Beijing', 57, 1, '27/07/1979'),
(90, 'Paul', 'Geimer', 'p.geimer@gmail.com', '39 Rue Victor-Hugo', '9660', 'Delhi', 240, 1, '13/11/1951'),
(91, 'Emile', 'Gerson', 'e.gerson@gmail.com', '0 Rue de l Église', '1729', 'Lagos', 156, 0, '02/02/1950'),
(92, 'Gaston', 'Giberyen', 'g.giberyen@gmail.com', '9 Place de l Église', '5136', 'Tianjin', 205, 0, '21/02/1990'),
(93, 'Camille', 'Gira', 'c.gira@gmail.com', '94 Grande Rue', '4299', 'Karachi', 243, 0, '13/12/1949'),
(94, 'Robert', 'Gitzinger', 'r.gitzinger@gmail.com', '2 Rue du Moulin', '4155', 'Chengdu', 8, 1, '20/08/1972'),
(95, 'Leon', 'Gloden', 'l.gloden@gmail.com', '43 Place de la Mairie', '3402', 'Istanbul', 197, 1, '05/10/1942'),
(96, 'Pierre', 'Godart', 'p.godart@gmail.com', '38 Rue du Château', '3948', 'Tokyo', 20, 1, '12/09/1975'),
(97, 'Paul', 'Godchaux', 'p.godchaux@gmail.com', '93 Rue des Écoles', '3326', 'Guangzhou', 88, 0, '04/07/1971'),
(98, 'Samson', 'Godchaux', 's.godchaux@gmail.com', '32 Rue de la Gare', '6482', 'Mumbai', 241, 1, '01/01/1990'),
(99, 'Gust', 'Goerens', 'g.goerens@gmail.com', '20 Rue de la Mairie', '4066', 'Moscow', 150, 0, '08/07/1946'),
(100, 'Nicolas', 'Gonner-Nau', 'n.gonner-nau@gmail.com', '37 Rue Principale', '7685', 'São Paulo', 117, 0, '27/07/1970'),
(101, 'Alphonse', 'Greisch', 'a.greisch@gmail.com', '17 Rue du Stade', '9780', 'Lahore', 51, 1, '10/03/1964'),
(102, 'Henri', 'Greisch', 'h.greisch@gmail.com', '33 Rue de la Fontaine', '8812', 'Shenzhen', 41, 1, '12/03/1988'),
(103, 'Mathias', 'Greisch', 'm.greisch@gmail.com', '10 Rue Pasteur', '6967', 'Jakarta', 242, 0, '28/10/1962'),
(104, 'Gustave', 'Gretsch', 'g.gretsch@gmail.com', '2 Rue des Jardins', '4835', 'Seoul', 220, 0, '22/10/1983'),
(105, 'Johannes-Nepomuk', 'Haas', 'j.haas@gmail.com', '24 Rue Victor-Hugo', '4656', 'Wuhan', 25, 0, '01/12/1976'),
(106, 'Ady', 'Hahn', 'a.hahn@gmail.com', '50 Rue de l Église', '3813', 'Kinshasa', 216, 1, '22/05/1994'),
(107, 'Jean-Marie', 'Halsdorf', 'j.halsdorf@gmail.com', '4 Place de l Église', '2707', 'Cairo', 14, 1, '09/11/1970'),
(108, 'Pierre', 'Hamer', 'p.hamer@gmail.com', '98 Grande Rue', '7056', 'Dhaka', 213, 1, '20/03/1975'),
(109, 'emile', 'Hamilius', 'e.hamilius@gmail.com', '38 Rue du Moulin', '7256', 'Mexico City', 136, 0, '11/11/1949'),
(110, 'Pascale', 'Hansen', 'p.hansen@gmail.com', '19 Place de la Mairie', '1593', 'London', 145, 1, '06/03/1953'),
(111, 'Joachim', 'Heilbrunn', 'j.heilbrunn@gmail.com', '64 Rue du Château', '4011', 'Xi''an', 72, 0, '04/12/1985'),
(112, 'François', 'Heldenstein', 'f.heldenstein@gmail.com', '53 Rue des Écoles', '5452', 'Tehran', 176, 0, '11/04/1950'),
(113, 'Jean-Pierre David', 'Heldenstein', 'j.heldenstein@gmail.com', '55 Rue de la Gare', '6277', 'Lima', 97, 1, '10/11/1962'),
(114, 'Paul', 'Helminger', 'p.helminger@gmail.com', '78 Rue de la Mairie', '5996', 'New York City', 57, 1, '09/07/1982'),
(115, 'Cecile', 'Hemmen', 'c.hemmen@gmail.com', '9 Rue Principale', '1448', 'Bengaluru', 165, 0, '17/05/1974'),
(116, 'Albert', 'Henkel', 'a.henkel@gmail.com', '42 Rue du Stade', '8982', 'Bangkok', 129, 0, '22/11/1994'),
(117, 'Erna', 'Hennicot-Schoepges', 'e.hennicot-schoepges@gmail.com', '35 Rue de la Fontaine', '4342', 'Ho Chi Minh City', 116, 0, '08/06/1995'),
(118, 'Joseph', 'Herr', 'j.herr@gmail.com', '24 Rue Pasteur', '5108', 'Dongguan', 236, 1, '07/09/1958'),
(119, 'Jean-Baptiste', 'Herveg', 'j.herveg@gmail.com', '3 Rue des Jardins', '4727', 'Chongqing', 67, 1, '20/08/1983'),
(120, 'Françoise', 'Hetto', 'f.hetto@gmail.com', '50 Rue Victor-Hugo', '6297', 'Nanjing', 97, 1, '31/01/1969'),
(121, 'Henri', 'Heymanns', 'h.heymanns@gmail.com', '55 Rue de l Église', '9225', 'Shenyang', 8, 0, '02/05/1988'),
(122, 'Hubert', 'Hilger', 'h.hilger@gmail.com', '39 Place de l Église', '6658', 'Bogotá', 181, 1, '24/03/1971'),
(123, 'Dominique-Joseph', 'Hoferlin', 'd.hoferlin@gmail.com', '43 Grande Rue', '2113', 'Ningbo', 73, 0, '04/07/1951'),
(124, 'François-Joseph', 'Hoferlin', 'f.hoferlin@gmail.com', '85 Rue du Moulin', '5539', 'Hong Kong', 225, 0, '26/04/1951'),
(125, 'Eugène', 'Hoffmann', 'e.hoffmann@gmail.com', '18 Place de la Mairie', '6926', 'Hanoi', 175, 1, '22/02/1956'),
(126, 'Will', 'Hoffmann', 'w.hoffmann@gmail.com', '88 Rue du Château', '8017', 'Baghdad', 215, 1, '12/08/1972'),
(127, 'Luc', 'Housse', 'l.housse@gmail.com', '47 Rue des Écoles', '6947', 'Changsha', 159, 0, '22/10/1991'),
(128, 'Nicolas', 'Hout', 'n.hout@gmail.com', '86 Rue de la Gare', '9716', 'Hyderabad', 206, 0, '09/05/1974'),
(129, 'Pierre', 'Houth', 'p.houth@gmail.com', '33 Rue de la Mairie', '7181', 'Chennai', 148, 0, '02/06/1990'),
(130, 'Albert', 'Huberty', 'a.huberty@gmail.com', '91 Rue Principale', '3891', 'Rio de Janeiro', 21, 1, '19/11/1956'),
(131, 'Georges', 'Hurt', 'g.hurt@gmail.com', '56 Rue du Stade', '9606', 'Foshan', 127, 1, '14/01/1974'),
(132, 'edouard', 'Juncker', 'e.juncker@gmail.com', '70 Rue de la Fontaine', '8040', 'Santiago', 73, 1, '29/08/1993'),
(133, 'Tom', 'Jungen', 't.jungen@gmail.com', '2 Rue Pasteur', '8495', 'Riyadh', 108, 0, '25/04/1969'),
(134, 'Vendelin', 'Jurion', 'v.jurion@gmail.com', '9 Rue des Jardins', '6411', 'Ahmedabad', 44, 1, '16/11/1963'),
(135, 'Ali', 'Kaes', 'a.kaes@gmail.com', '24 Rue Victor-Hugo', '8335', 'Singapore', 236, 0, '15/01/1991'),
(136, 'Jules', 'Kauffmann', 'j.kauffmann@gmail.com', '78 Rue de l Église', '5781', 'Shantou', 216, 0, '07/06/1988'),
(137, 'Chrysostome', 'Keiffer', 'c.keiffer@gmail.com', '3 Place de l Église', '1330', 'Saint Petersburg', 161, 1, '10/10/1984'),
(138, 'Dan', 'Kersch', 'd.kersch@gmail.com', '47 Grande Rue', '6277', 'Yangon', 239, 1, '05/07/1993'),
(139, 'Mathias', 'Kesseler', 'm.kesseler@gmail.com', '57 Rue du Moulin', '7066', 'Abidjan', 2, 0, '03/07/1961'),
(140, 'Joseph', 'Kill', 'j.kill@gmail.com', '37 Place de la Mairie', '3314', 'Alexandria', 4, 0, '01/10/1973'),
(141, 'Edouard', 'Kirsch', 'e.kirsch@gmail.com', '81 Rue du Château', '1295', 'Kolkata', 192, 0, '14/05/1960'),
(142, 'Pierre', 'Kirsch', 'p.kirsch@gmail.com', '93 Rue des Écoles', '9551', 'Ankara', 235, 1, '16/03/1941'),
(143, 'Theophile', 'Kirsch', 't.kirsch@gmail.com', '42 Rue de la Gare', '7132', 'Surat', 187, 1, '06/03/1974'),
(144, 'Adolphe', 'Klein', 'a.klein@gmail.com', '69 Rue de la Mairie', '8430', 'Johannesburg', 129, 1, '12/07/1989'),
(145, 'Jean-Pierre', 'Klein', 'j.klein@gmail.com', '86 Rue Principale', '3586', 'Dar es Salaam', 79, 0, '24/09/1974'),
(146, 'Nicolas', 'Klein', 'n.klein@gmail.com', '37 Rue du Stade', '1209', 'Suzhou', 2, 1, '04/09/1985'),
(147, 'Jean-Nicolas', 'Klensch', 'j.klensch@gmail.com', '59 Rue de la Fontaine', '5821', 'Harbin', 243, 0, '02/03/1981'),
(148, 'Jean', 'Knaff', 'j.knaff@gmail.com', '69 Rue Pasteur', '3814', 'Giza', 70, 0, '01/03/1986'),
(149, 'Jean-Bernard', 'Knepper', 'j.knepper@gmail.com', '6 Rue des Jardins', '1986', 'Zhengzhou', 133, 1, '01/12/1987'),
(150, 'Rene', 'Koltz', 'r.koltz@gmail.com', '15 Rue Victor-Hugo', '4681', 'Los Angeles', 21, 1, '03/09/1971'),
(151, 'Fernand', 'Kons', 'f.kons@gmail.com', '100 Rue de l Église', '7513', 'New Taipei City', 77, 0, '15/02/1943'),
(152, 'Norbert', 'Konter', 'n.konter@gmail.com', '98 Place de l Église', '1956', 'Cape Town', 4, 0, '09/09/1980'),
(153, 'Henri', 'Kox', 'h.kox@gmail.com', '48 Grande Rue', '8901', 'Yokohama', 81, 0, '16/03/1986'),
(154, 'Antoine', 'Krier', 'a.krier@gmail.com', '11 Rue du Moulin', '5793', 'Berlin', 79, 1, '15/04/1965'),
(155, 'Michel', 'Krips', 'm.krips@gmail.com', '23 Place de la Mairie', '9769', 'Busan', 211, 1, '30/03/1968'),
(156, 'Ferdinand', 'Kuhn', 'f.kuhn@gmail.com', '12 Rue du Château', '1906', 'Hangzhou', 15, 1, '13/08/1957'),
(157, 'Nicolas Pierre', 'Kunnen', 'n.kunnen@gmail.com', '66 Rue des Écoles', '9036', 'Xiamen', 150, 0, '01/05/1995'),
(158, 'Leandre', 'Lacroix', 'l.lacroix@gmail.com', '62 Rue de la Gare', '3607', 'Quanzhou', 226, 1, '12/03/1944'),
(159, 'Ernest Dominique', 'Laeis', 'e.laeis@gmail.com', '6 Rue de la Mairie', '8548', 'Jeddah', 227, 0, '20/10/1960'),
(160, 'Jean-Pierre', 'Ledure', 'j.ledure@gmail.com', '22 Rue Principale', '3710', 'Durban', 89, 0, '11/06/1954'),
(161, 'Mathias', 'Lefort', 'm.lefort@gmail.com', '9 Rue du Stade', '7203', 'Kabul', 158, 1, '28/02/1966'),
(162, 'Roger', 'Lenert', 'r.lenert@gmail.com', '83 Rue de la Fontaine', '8080', 'Casablanca', 55, 1, '29/03/1962'),
(163, 'Nicolas', 'Leonardy', 'n.leonardy@gmail.com', '27 Rue Pasteur', '9220', 'Hefei', 56, 0, '06/12/1989'),
(164, 'Marc', 'Lies', 'm.lies@gmail.com', '80 Rue des Jardins', '6306', 'Pyongyang', 219, 0, '23/10/1964'),
(165, 'Guy', 'Linster', 'g.linster@gmail.com', '0 Rue Victor-Hugo', '3837', 'Madrid', 112, 0, '22/12/1975'),
(166, 'Nico', 'Loes', 'n.loes@gmail.com', '85 Rue de l Église', '3473', 'Faisalabad', 56, 1, '19/08/1986'),
(167, 'John', 'Lorent', 'j.lorent@gmail.com', '11 Place de l Église', '2244', 'Ekurhuleni', 231, 1, '07/08/1977'),
(168, 'Nicolas', 'Ludovicy', 'n.ludovicy@gmail.com', '97 Grande Rue', '5889', 'Nairobi', 226, 1, '28/06/1954'),
(169, 'Astrid', 'Lulling', 'a.lulling@gmail.com', '98 Rue du Moulin', '3338', 'Zhongshan', 141, 0, '15/03/1949'),
(170, 'Lucien', 'Lux', 'l.lux@gmail.com', '99 Place de la Mairie', '7214', 'Pune', 241, 1, '24/12/1979'),
(171, 'Jean', 'Magnette', 'j.magnette@gmail.com', '60 Rue du Château', '2109', 'Addis Ababa', 187, 0, '12/09/1952'),
(172, 'Michel', 'Malherbe', 'm.malherbe@gmail.com', '8 Rue des Écoles', '3012', 'Jaipur', 74, 0, '26/08/1948'),
(173, 'Marc', 'Eicher', 'm.eicher@gmail.com', '78 Rue de la Gare', '9359', 'Buenos Aires', 229, 1, '06/05/1977'),
(174, 'Gabriel', 'de Marie', 'g.de marie@gmail.com', '63 Rue de la Mairie', '9997', 'Wenzhou', 45, 1, '14/07/1961'),
(175, 'emile', 'Mark', 'e.mark@gmail.com', '66 Rue Principale', '8079', 'Shanghai', 75, 0, '15/07/1991'),
(176, 'Jos', 'Massard', 'j.massard@gmail.com', '46 Rue du Stade', '3770', 'Beijing', 105, 0, '31/05/1975'),
(177, 'Charles', 'Mathieu', 'c.mathieu@gmail.com', '29 Rue de la Fontaine', '4014', 'Delhi', 68, 0, '23/01/1982'),
(178, 'Nicolas', 'Mathieu', 'n.mathieu@gmail.com', '19 Rue Pasteur', '4701', 'Lagos', 15, 1, '21/02/1989'),
(179, 'Henri', 'Mausen', 'h.mausen@gmail.com', '28 Rue des Jardins', '9212', 'Tianjin', 21, 1, '21/07/1975'),
(180, 'Carlo', 'Meintz', 'c.meintz@gmail.com', '7 Rue Victor-Hugo', '1870', 'Karachi', 202, 1, '29/08/1970'),
(181, 'Claude', 'Meisch', 'c.meisch@gmail.com', '2 Rue de l Église', '4217', 'Chengdu', 25, 0, '08/08/1973'),
(182, 'Pierre', 'Mellina', 'p.mellina@gmail.com', '84 Place de l Église', '2885', 'Istanbul', 41, 1, '17/06/1941'),
(183, 'Jean', 'Mersch-Wittenauer', 'j.mersch-wittenauer@gmail.com', '21 Grande Rue', '6346', 'Tokyo', 213, 0, '13/05/1945'),
(184, 'Edy', 'Mertens', 'e.mertens@gmail.com', '92 Rue du Moulin', '6318', 'Guangzhou', 55, 0, '19/11/1943'),
(185, 'emile', 'Metz', 'e.metz@gmail.com', '88 Place de la Mairie', '7351', 'Mumbai', 57, 1, '23/06/1968'),
(186, 'Tilly', 'Metz', 't.metz@gmail.com', '83 Rue du Château', '4630', 'Moscow', 123, 1, '23/08/1964'),
(187, 'Nicolas', 'Meyers', 'n.meyers@gmail.com', '75 Rue des Écoles', '3684', 'São Paulo', 90, 0, '25/01/1990'),
(188, 'Jean-Pierre', 'Michels', 'j.michels@gmail.com', '92 Rue de la Gare', '3096', 'Lahore', 200, 0, '27/07/1992'),
(189, 'Georges', 'Mischo', 'g.mischo@gmail.com', '62 Rue de la Mairie', '6149', 'Shenzhen', 185, 0, '06/11/1966'),
(190, 'Henri', 'Motte', 'h.motte@gmail.com', '48 Rue Principale', '5564', 'Jakarta', 238, 1, '08/04/1964'),
(191, 'emile', 'Mousel', 'e.mousel@gmail.com', '7 Rue du Stade', '2718', 'Seoul', 177, 1, '28/12/1962'),
(192, 'Alphonse', 'Munchen', 'a.munchen@gmail.com', '92 Rue de la Fontaine', '2808', 'Wuhan', 13, 1, '11/05/1970'),
(193, 'Dominik Constantin', 'München', 'd.münchen@gmail.com', '46 Rue Pasteur', '6718', 'Kinshasa', 202, 0, '19/12/1954'),
(194, 'Lydia', 'Mutsch', 'l.mutsch@gmail.com', '33 Rue des Jardins', '4823', 'Cairo', 98, 1, '24/09/1995'),
(195, 'Maggy', 'Nagel', 'm.nagel@gmail.com', '84 Rue Victor-Hugo', '1500', 'Dhaka', 50, 0, '25/05/1943'),
(196, 'Denis', 'Netgen', 'd.netgen@gmail.com', '68 Rue de l Église', '8935', 'Mexico City', 158, 0, '27/02/1976'),
(197, 'Jean-Auguste', 'Neyen', 'j.neyen@gmail.com', '38 Place de l Église', '3013', 'London', 246, 1, '25/05/1942'),
(198, 'Valentin', 'Noesen', 'v.noesen@gmail.com', '29 Grande Rue', '2834', 'Xi''an', 198, 1, '20/08/1990'),
(199, 'Joseph', 'Palgen', 'j.palgen@gmail.com', '13 Rue du Moulin', '6031', 'Tehran', 200, 0, '13/08/1946'),
(200, 'Adolphe', 'Pauly', 'a.pauly@gmail.com', '72 Place de la Mairie', '5352', 'Lima', 216, 0, '11/06/1969'),
(201, 'Ferdinand', 'Pescatore', 'f.pescatore@gmail.com', '59 Rue du Château', '3023', 'New York City', 248, 0, '21/02/1942'),
(202, 'Pierre', 'Pemmers', 'p.pemmers@gmail.com', '16 Rue des Écoles', '2517', 'Bengaluru', 100, 1, '06/02/1969'),
(203, 'Antoine', 'Pescatore', 'a.pescatore@gmail.com', '94 Rue de la Gare', '5944', 'Bangkok', 230, 1, '30/01/1975'),
(204, 'Maurice', 'Pescatore', 'm.pescatore@gmail.com', '48 Rue de la Mairie', '5827', 'Ho Chi Minh City', 183, 1, '30/05/1989'),
(205, 'Theodore', 'Pescatore', 't.pescatore@gmail.com', '25 Rue Principale', '2732', 'Dongguan', 72, 0, '27/11/1961'),
(206, 'Jean', 'Peusch', 'j.peusch@gmail.com', '50 Rue du Stade', '5968', 'Chongqing', 209, 1, '06/10/1946'),
(207, 'Jean-Georges', 'Pfortzheim', 'j.pfortzheim@gmail.com', '98 Rue de la Fontaine', '4494', 'Nanjing', 224, 0, '08/09/1966'),
(208, 'Jean Michel', 'Philippart', 'j.philippart@gmail.com', '2 Rue Pasteur', '8612', 'Shenyang', 19, 0, '19/08/1985'),
(209, 'Joseph', 'Philippart', 'j.philippart@gmail.com', '39 Rue des Jardins', '2267', 'Bogotá', 60, 1, '31/10/1959'),
(210, 'Jean-Pierre', 'Pierrard', 'j.pierrard@gmail.com', '84 Rue Victor-Hugo', '4523', 'Ningbo', 26, 1, '01/03/1962'),
(211, 'Nicolas', 'Plein', 'n.plein@gmail.com', '92 Rue de l Église', '7090', 'Hong Kong', 203, 0, '18/11/1980'),
(212, 'Camille', 'Polfer', 'c.polfer@gmail.com', '3 Place de l Église', '2277', 'Hanoi', 22, 0, '05/06/1966'),
(213, 'Lydie', 'Polfer', 'l.polfer@gmail.com', '83 Grande Rue', '7283', 'Baghdad', 163, 0, '13/10/1984'),
(214, 'Victor', 'Prost', 'v.prost@gmail.com', '83 Rue du Moulin', '6952', 'Changsha', 25, 1, '18/10/1964'),
(215, 'Felix', 'Pütz', 'f.pütz@gmail.com', '26 Place de la Mairie', '7594', 'Hyderabad', 202, 1, '29/12/1941'),
(216, 'Rene', 'Putzeys', 'r.putzeys@gmail.com', '81 Rue du Château', '9519', 'Chennai', 105, 1, '10/03/1958'),
(217, 'Louis', 'Rech', 'l.rech@gmail.com', '16 Rue des Écoles', '7190', 'Rio de Janeiro', 179, 0, '25/06/1973'),
(218, 'Joseph', 'Relles', 'j.relles@gmail.com', '83 Rue de la Gare', '5346', 'Foshan', 19, 1, '06/07/1983'),
(219, 'Henri', 'Rinnen', 'h.rinnen@gmail.com', '78 Rue de la Mairie', '3317', 'Santiago', 45, 0, '25/09/1943'),
(220, 'Toni', 'Rodesch', 't.rodesch@gmail.com', '92 Rue Principale', '2719', 'Riyadh', 192, 0, '27/06/1966'),
(221, 'Henri', 'Rodesch', 'h.rodesch@gmail.com', '84 Rue du Stade', '8406', 'Ahmedabad', 138, 1, '20/04/1947'),
(222, 'Rob', 'Roemen', 'r.roemen@gmail.com', '38 Rue de la Fontaine', '6235', 'Singapore', 91, 1, '09/03/1946'),
(223, 'François', 'Roeser', 'f.roeser@gmail.com', '40 Rue Pasteur', '7859', 'Shantou', 18, 0, '13/03/1948'),
(224, 'Roger', 'Klein', 'r.klein@gmail.com', '75 Rue des Jardins', '8888', 'Saint Petersburg', 95, 0, '22/07/1963'),
(225, 'Gilles', 'Roth', 'g.roth@gmail.com', '79 Rue Victor-Hugo', '6349', 'Yangon', 48, 0, '05/02/1964'),
(226, 'Emile', 'Salentiny', 'e.salentiny@gmail.com', '73 Rue de l Église', '7526', 'Abidjan', 188, 1, '25/08/1972'),
(227, 'Lucien', 'Salentiny', 'l.salentiny@gmail.com', '48 Place de l Église', '7979', 'Alexandria', 244, 1, '07/09/1981'),
(228, 'Marcel', 'Sauber', 'm.sauber@gmail.com', '85 Grande Rue', '9870', 'Kolkata', 38, 1, '18/11/1947'),
(229, 'François', 'Schaack', 'f.schaack@gmail.com', '12 Rue du Moulin', '1817', 'Ankara', 135, 0, '04/01/1995'),
(230, 'Jean-Paul', 'Schaaf', 'j.schaaf@gmail.com', '86 Place de la Mairie', '5077', 'Surat', 127, 1, '04/05/1985'),
(231, 'emile', 'Schaaff', 'e.schaaff@gmail.com', '80 Rue du Château', '5801', 'Johannesburg', 224, 0, '07/09/1992'),
(232, 'Marc', 'Schaefer', 'm.schaefer@gmail.com', '51 Rue des Écoles', '8069', 'Dar es Salaam', 219, 0, '15/08/1952'),
(233, 'Mady', 'Schaffner', 'm.schaffner@gmail.com', '6 Rue de la Gare', '3923', 'Suzhou', 204, 1, '12/07/1994'),
(234, 'Mathias', 'Schaffner', 'm.schaffner@gmail.com', '84 Rue de la Mairie', '2169', 'Harbin', 202, 1, '09/03/1983'),
(235, 'Robert', 'Schaffner', 'r.schaffner@gmail.com', '47 Rue Principale', '3217', 'Giza', 210, 0, '29/01/1995'),
(236, 'Marco', 'Schank', 'm.schank@gmail.com', '80 Rue du Stade', '9920', 'Zhengzhou', 184, 0, '21/05/1990'),
(237, 'François', 'Scheffer', 'f.scheffer@gmail.com', '86 Rue de la Fontaine', '1775', 'Los Angeles', 108, 0, '01/04/1963'),
(238, 'Jos', 'Scheuer', 'j.scheuer@gmail.com', '21 Rue Pasteur', '1053', 'New Taipei City', 13, 1, '06/07/1982'),
(239, 'Alphonse', 'Schiltges', 'a.schiltges@gmail.com', '52 Rue des Jardins', '1314', 'Cape Town', 168, 1, '25/01/1953'),
(240, 'Jean', 'Schiltz', 'j.schiltz@gmail.com', '63 Rue Victor-Hugo', '7158', 'Yokohama', 166, 1, '15/08/1987'),
(241, 'Pierre', 'Schiltz', 'p.schiltz@gmail.com', '62 Rue de l Église', '4893', 'Berlin', 29, 0, '12/01/1988'),
(242, 'Jacques', 'Schmit', 'j.schmit@gmail.com', '45 Place de l Église', '9779', 'Busan', 134, 1, '13/03/1944'),
(243, 'Jacques', 'Schmitz', 'j.schmitz@gmail.com', '14 Grande Rue', '2964', 'Hangzhou', 65, 0, '11/04/1958'),
(244, 'Romain', 'Schneider', 'r.schneider@gmail.com', '44 Rue du Moulin', '8181', 'Xiamen', 142, 0, '22/02/1941'),
(245, 'Jean-Pierre', 'Scholtes', 'j.scholtes@gmail.com', '40 Place de la Mairie', '8330', 'Quanzhou', 73, 1, '07/07/1971'),
(246, 'Pierre-eloi', 'Schoue', 'p.schoue@gmail.com', '26 Rue du Château', '6617', 'Jeddah', 46, 1, '24/07/1965'),
(247, 'Jules', 'Schreiner', 'j.schreiner@gmail.com', '51 Rue des Écoles', '3339', 'Durban', 114, 0, '31/08/1955'),
(248, 'Roland', 'Schreiner', 'r.schreiner@gmail.com', '74 Rue de la Gare', '3196', 'Kabul', 6, 0, '03/08/1994'),
(249, 'Jos', 'Schummer', 'j.schummer@gmail.com', '61 Rue de la Mairie', '3535', 'Casablanca', 134, 0, '07/09/1970'),
(250, 'Emmanuel', 'Servais', 'e.servais@gmail.com', '76 Rue Principale', '6093', 'Hefei', 103, 1, '09/07/1989'),
(251, 'Jean-Baptiste', 'Servais', 'j.servais@gmail.com', '20 Rue du Stade', '5096', 'Pyongyang', 152, 1, '30/01/1959'),
(252, 'Joseph', 'Servais', 'j.servais@gmail.com', '83 Rue de la Fontaine', '9823', 'Madrid', 51, 1, '26/07/1986'),
(253, 'Joseph', 'Simon', 'j.simon@gmail.com', '96 Rue Pasteur', '3522', 'Faisalabad', 13, 0, '28/08/1972'),
(254, 'Charles', 'Simonis', 'c.simonis@gmail.com', '52 Rue des Jardins', '8717', 'Ekurhuleni', 9, 1, '14/12/1985'),
(255, 'Nicolas', 'Spanier', 'n.spanier@gmail.com', '77 Rue Victor-Hugo', '8103', 'Nairobi', 58, 0, '20/05/1958'),
(256, 'Jean', 'Spautz', 'j.spautz@gmail.com', '50 Rue de l Église', '6390', 'Zhongshan', 54, 0, '27/10/1993'),
(257, 'Armand', 'Spoo', 'a.spoo@gmail.com', '62 Place de l Église', '6296', 'Pune', 90, 1, '08/10/1969'),
(258, 'Dominique', 'Steichen', 'd.steichen@gmail.com', '75 Grande Rue', '1253', 'Addis Ababa', 228, 1, '17/04/1954'),
(259, 'Rene', 'Steichen', 'r.steichen@gmail.com', '46 Rue du Moulin', '8048', 'Jaipur', 235, 0, '10/05/1982'),
(260, 'Nelly', 'Stein', 'n.stein@gmail.com', '62 Place de la Mairie', '1956', 'Buenos Aires', 189, 0, '03/01/1991'),
(261, 'Dominique', 'Stoffel', 'd.stoffel@gmail.com', '90 Rue du Château', '8053', 'Wenzhou', 97, 0, '10/08/1955'),
(262, 'Nicolas', 'Strotz', 'n.strotz@gmail.com', '80 Rue des Écoles', '8577', 'Shanghai', 210, 1, '24/02/1966'),
(263, 'Fred', 'Sunnen', 'f.sunnen@gmail.com', '45 Rue de la Gare', '3009', 'Beijing', 55, 1, '02/09/1958'),
(264, 'Alphonse', 'Theis', 'a.theis@gmail.com', '69 Rue de la Mairie', '2806', 'Delhi', 219, 1, '25/02/1951'),
(265, 'Joseph', 'Theis', 'j.theis@gmail.com', '98 Rue Principale', '6011', 'Lagos', 65, 0, '10/02/1949'),
(266, 'Joseph Alphonse', 'Theis', 'j.theis@gmail.com', '47 Rue du Stade', '4536', 'Tianjin', 153, 1, '27/10/1974'),
(267, 'Nicolas', 'Thill', 'n.thill@gmail.com', '10 Rue de la Fontaine', '6507', 'Karachi', 33, 0, '03/08/1994'),
(268, 'Charles Auguste', 'de Tornaco', 'c.de tornaco@gmail.com', '60 Rue Pasteur', '9737', 'Chengdu', 47, 0, '12/12/1948'),
(269, 'Pierre', 'Toussaint', 'p.toussaint@gmail.com', '67 Rue des Jardins', '9763', 'Istanbul', 59, 1, '05/02/1949'),
(270, 'Roberto', 'Traversini', 'r.traversini@gmail.com', '63 Rue Victor-Hugo', '4625', 'Tokyo', 67, 1, '22/04/1990'),
(271, 'Robert', 'Tudor', 'r.tudor@gmail.com', '52 Rue de l Église', '1415', 'Guangzhou', 249, 0, '15/07/1945'),
(272, 'Hermann', 'Urbain', 'h.urbain@gmail.com', '9 Place de l Église', '4519', 'Mumbai', 247, 0, '12/02/1973'),
(273, 'Jean-Pierre', 'Urwald', 'j.urwald@gmail.com', '20 Grande Rue', '2646', 'Moscow', 99, 0, '17/10/1992'),
(274, 'Arthur', 'Useldinger', 'a.useldinger@gmail.com', '11 Rue du Moulin', '6578', 'São Paulo', 92, 1, '10/09/1945'),
(275, 'François-Julien', 'Vannerus', 'f.vannerus@gmail.com', '0 Place de la Mairie', '2831', 'Lahore', 164, 1, '28/10/1986'),
(276, 'Theodore', 'de Wacquant', 't.de wacquant@gmail.com', '90 Rue du Château', '7833', 'Shenzhen', 47, 1, '06/08/1942'),
(277, 'Carlo', 'Wagner', 'c.wagner@gmail.com', '9 Rue des Écoles', '3626', 'Jakarta', 192, 0, '13/03/1963'),
(278, 'Georges', 'Wagner', 'g.wagner@gmail.com', '87 Rue de la Gare', '3896', 'Seoul', 226, 1, '26/05/1949'),
(279, 'Camille', 'Weiler', 'c.weiler@gmail.com', '59 Rue de la Mairie', '3067', 'Wuhan', 78, 0, '21/01/1968'),
(280, 'Nicolas', 'Wellenstein', 'n.wellenstein@gmail.com', '81 Rue Principale', '4662', 'Kinshasa', 142, 0, '23/06/1949'),
(281, 'Joseph', 'Wenkin', 'j.wenkin@gmail.com', '13 Rue du Stade', '1220', 'Cairo', 175, 1, '16/06/1957'),
(282, 'Raymond', 'Weydert', 'r.weydert@gmail.com', '23 Rue de la Fontaine', '5471', 'Dhaka', 154, 1, '28/09/1984'),
(283, 'Victor', 'Weydert', 'v.weydert@gmail.com', '92 Rue Pasteur', '3457', 'Mexico City', 207, 0, '15/09/1947'),
(284, 'Jules', 'Wilhelm', 'j.wilhelm@gmail.com', '24 Rue des Jardins', '6014', 'London', 196, 0, '23/01/1964'),
(285, 'Victor', 'Wilhelm', 'v.wilhelm@gmail.com', '98 Rue Victor-Hugo', '4393', 'Xi''an', 14, 0, '18/12/1977'),
(286, 'Gustave', 'Wilhelmy', 'g.wilhelmy@gmail.com', '4 Rue de l Église', '4332', 'Tehran', 242, 1, '27/04/1984'),
(287, 'Jean', 'Winkin', 'j.winkin@gmail.com', '62 Place de l Église', '5490', 'Lima', 110, 1, '23/05/1983'),
(288, 'Charles', 'Wirtgen', 'c.wirtgen@gmail.com', '4 Grande Rue', '7267', 'New York City', 140, 1, '21/12/1973'),
(289, 'Nicolas', 'Wirtgen', 'n.wirtgen@gmail.com', '47 Rue du Moulin', '4056', 'Bengaluru', 185, 0, '18/11/1946'),
(290, 'Michel', 'Witry', 'm.witry@gmail.com', '10 Place de la Mairie', '5570', 'Bangkok', 30, 1, '12/02/1973'),
(291, 'Joseph', 'Wohlfart', 'j.wohlfart@gmail.com', '61 Rue du Château', '7355', 'Ho Chi Minh City', 202, 0, '23/08/1969'),
(292, 'edouard', 'Wolff', 'e.wolff@gmail.com', '99 Rue des Écoles', '7133', 'Dongguan', 5, 0, '30/12/1975'),
(293, 'Emile', 'Wolter', 'e.wolter@gmail.com', '2 Rue de la Gare', '2282', 'Chongqing', 206, 1, '25/10/1945'),
(294, 'Michel', 'Wolter', 'm.wolter@gmail.com', '14 Rue de la Mairie', '7285', 'Nanjing', 77, 1, '12/03/1979'),
(295, 'Laurent', 'Zeimet', 'l.zeimet@gmail.com', '1 Rue Principale', '7640', 'Shenyang', 127, 0, '14/09/1970'),
(296, 'Dominique', 'Zimmer', 'd.zimmer@gmail.com', '51 Rue du Stade', '3911', 'Bogotá', 178, 0, '27/08/1971'),
(297, 'Jules', 'Zinnen', 'j.zinnen@gmail.com', '62 Rue de la Fontaine', '8087', 'Ningbo', 123, 0, '19/12/1943'),
(298, 'Andre', 'Zirves', 'a.zirves@gmail.com', '74 Rue Pasteur', '8452', 'Hong Kong', 201, 1, '13/11/1969');

-- --------------------------------------------------------

--
-- Structure de la table `orderline`
--

DROP TABLE IF EXISTS `orderline`;
CREATE TABLE IF NOT EXISTS `orderline` (
  `ol_ord_id` int(10) unsigned NOT NULL,
  `ol_prod_id` int(10) unsigned NOT NULL,
  `ol_quantity` int(10) unsigned NOT NULL,
  PRIMARY KEY (`ol_ord_id`,`ol_prod_id`),
  KEY `fk_order_has_product_product1_idx` (`ol_prod_id`),
  KEY `fk_order_has_product_order1_idx` (`ol_ord_id`)
) ENGINE=InnoDB DEFAULT CHARSET=utf8;

--
-- Vider la table avant d'insérer `orderline`
--

TRUNCATE TABLE `orderline`;
--
-- Contenu de la table `orderline`
--

INSERT INTO `orderline` (`ol_ord_id`, `ol_prod_id`, `ol_quantity`) VALUES
(1, 82, 2),
(1, 87, 3),
(1, 117, 2),
(2, 32, 4),
(2, 92, 3),
(2, 126, 1),
(2, 169, 2),
(2, 220, 5),
(3, 38, 5),
(3, 90, 1),
(3, 144, 5),
(3, 147, 5),
(4, 60, 4),
(4, 162, 2),
(4, 177, 5),
(5, 1, 4),
(5, 32, 3),
(5, 51, 4),
(5, 54, 5),
(5, 71, 4),
(5, 113, 2),
(5, 124, 2),
(5, 176, 2),
(6, 12, 5),
(6, 24, 2),
(6, 28, 4),
(6, 50, 2),
(6, 64, 5),
(6, 107, 3),
(6, 131, 5),
(6, 186, 2),
(7, 4, 4),
(7, 99, 3),
(7, 130, 1),
(7, 218, 5),
(7, 252, 2),
(8, 10, 5),
(8, 19, 2),
(8, 32, 4),
(8, 35, 3),
(8, 37, 2),
(8, 115, 5),
(8, 169, 3),
(8, 181, 2),
(8, 219, 5),
(9, 8, 3),
(9, 10, 1),
(9, 107, 2),
(9, 111, 2),
(9, 116, 5),
(9, 147, 3),
(9, 172, 2),
(9, 176, 4),
(9, 234, 4),
(9, 251, 3),
(10, 7, 5),
(10, 33, 4),
(10, 110, 1),
(10, 157, 2),
(10, 212, 3),
(11, 45, 4),
(11, 127, 5),
(11, 187, 5),
(11, 211, 2),
(12, 4, 4),
(12, 15, 1),
(12, 64, 2),
(12, 110, 4),
(12, 130, 2),
(12, 188, 4),
(12, 208, 5),
(12, 219, 5),
(12, 224, 5),
(12, 243, 5),
(13, 42, 5),
(14, 76, 4),
(15, 3, 4),
(15, 63, 5),
(15, 79, 3),
(15, 112, 4),
(15, 139, 3),
(15, 159, 2),
(15, 169, 2),
(15, 178, 4),
(15, 227, 4),
(15, 240, 5),
(16, 121, 5),
(17, 115, 1),
(17, 144, 2),
(17, 156, 5),
(17, 176, 2),
(17, 190, 5),
(18, 107, 5),
(18, 233, 1),
(19, 74, 5),
(19, 236, 2),
(19, 250, 1),
(20, 24, 4),
(20, 42, 5),
(20, 72, 3),
(20, 89, 1),
(20, 122, 4),
(20, 152, 5),
(20, 230, 1),
(20, 239, 3),
(21, 162, 1),
(21, 174, 5),
(21, 203, 4),
(22, 111, 4),
(22, 152, 5),
(22, 163, 4),
(22, 193, 5),
(22, 226, 5),
(23, 29, 1),
(23, 47, 1),
(23, 67, 1),
(23, 158, 1),
(23, 181, 5),
(23, 244, 1),
(24, 1, 1),
(24, 79, 4),
(24, 111, 1),
(24, 250, 4),
(25, 18, 1),
(25, 31, 4),
(25, 50, 5),
(25, 168, 5),
(25, 192, 3),
(25, 197, 5),
(25, 214, 4),
(25, 218, 4),
(26, 106, 5),
(27, 7, 1),
(27, 20, 3),
(27, 97, 4),
(27, 146, 3),
(27, 152, 1),
(27, 153, 2),
(27, 167, 2),
(27, 170, 3),
(27, 192, 4),
(27, 229, 3),
(28, 18, 1),
(28, 20, 5),
(28, 66, 3),
(28, 81, 5),
(28, 85, 2),
(28, 91, 4),
(28, 157, 5),
(28, 160, 1),
(28, 217, 2),
(28, 224, 2),
(29, 67, 3),
(29, 93, 2),
(29, 250, 1),
(30, 28, 2),
(30, 206, 1),
(31, 61, 1),
(31, 85, 2),
(31, 108, 2),
(32, 205, 2),
(32, 228, 3),
(33, 23, 1),
(33, 36, 4),
(33, 102, 4),
(33, 191, 3),
(33, 240, 4),
(33, 251, 2),
(34, 5, 5),
(34, 8, 3),
(34, 84, 1),
(34, 108, 4),
(34, 124, 2),
(34, 137, 3),
(34, 147, 1),
(34, 169, 1),
(34, 242, 4),
(35, 26, 2),
(36, 38, 4),
(36, 40, 1),
(36, 153, 1),
(37, 74, 4),
(37, 193, 3),
(37, 200, 4),
(38, 35, 4),
(38, 62, 4),
(38, 100, 3),
(38, 205, 3),
(38, 215, 2),
(39, 92, 4),
(39, 198, 3),
(39, 223, 1),
(39, 235, 3),
(40, 49, 4),
(41, 203, 3),
(42, 123, 5),
(42, 163, 4),
(43, 3, 4),
(43, 26, 4),
(43, 39, 1),
(43, 40, 4),
(43, 41, 2),
(43, 42, 2),
(43, 89, 2),
(43, 115, 2),
(43, 172, 2),
(43, 186, 2),
(44, 31, 1),
(44, 46, 5),
(44, 63, 4),
(44, 116, 4),
(44, 156, 1),
(44, 233, 5),
(45, 4, 5),
(45, 18, 1),
(45, 147, 5),
(45, 184, 3),
(46, 12, 1),
(46, 16, 5),
(46, 49, 3),
(46, 79, 3),
(46, 146, 4),
(46, 185, 1),
(46, 203, 1),
(46, 207, 1),
(46, 250, 3),
(47, 204, 5),
(48, 74, 1),
(49, 66, 1),
(49, 83, 4),
(49, 130, 3),
(49, 179, 2),
(49, 191, 4),
(49, 239, 2),
(49, 240, 5),
(49, 249, 5),
(50, 147, 5),
(50, 176, 4),
(50, 181, 5),
(51, 4, 1),
(51, 16, 4),
(51, 51, 3),
(51, 54, 1),
(51, 64, 2),
(51, 70, 3),
(51, 213, 2),
(51, 225, 5),
(51, 230, 1),
(52, 41, 3),
(52, 146, 2),
(52, 158, 2),
(52, 178, 3),
(52, 212, 2),
(52, 228, 3),
(52, 230, 1),
(53, 6, 2),
(53, 10, 5),
(53, 72, 5),
(53, 89, 2),
(53, 108, 3),
(53, 220, 3),
(53, 233, 1),
(53, 234, 4),
(54, 112, 3),
(54, 156, 1),
(54, 193, 4),
(55, 86, 2),
(55, 88, 4),
(55, 132, 4),
(55, 160, 2),
(55, 207, 3),
(56, 28, 2),
(56, 119, 4),
(57, 3, 5),
(57, 90, 4),
(57, 117, 5),
(57, 127, 3),
(57, 139, 4),
(57, 202, 5),
(57, 207, 4),
(57, 226, 4),
(57, 242, 2),
(58, 55, 3),
(58, 57, 2),
(58, 99, 5),
(58, 138, 4),
(58, 142, 4),
(58, 176, 3),
(59, 10, 4),
(59, 27, 5),
(59, 79, 2),
(59, 130, 3),
(59, 159, 2),
(59, 184, 2),
(59, 226, 1),
(59, 236, 1),
(60, 23, 3),
(60, 56, 5),
(60, 58, 5),
(60, 76, 4),
(60, 123, 5),
(60, 124, 3),
(60, 153, 3),
(60, 229, 4),
(60, 241, 3),
(61, 44, 3),
(61, 46, 4),
(61, 47, 1),
(61, 134, 1),
(61, 164, 2),
(61, 234, 4),
(61, 242, 2),
(61, 251, 5),
(62, 72, 1),
(62, 138, 2),
(62, 154, 1),
(63, 6, 4),
(63, 13, 2),
(63, 52, 4),
(63, 223, 4),
(63, 245, 2),
(64, 98, 2),
(64, 150, 3),
(64, 184, 3),
(64, 217, 1),
(65, 43, 5),
(65, 75, 1),
(65, 221, 5),
(66, 13, 5),
(66, 51, 2),
(66, 71, 5),
(66, 98, 3),
(66, 121, 5),
(66, 135, 2),
(66, 197, 3),
(66, 228, 2),
(66, 229, 3),
(66, 235, 4),
(67, 28, 3),
(67, 65, 2),
(67, 124, 5),
(68, 21, 2),
(68, 29, 5),
(68, 36, 4),
(68, 98, 3),
(68, 109, 5),
(68, 129, 4),
(68, 158, 1),
(68, 206, 3),
(69, 18, 4),
(69, 25, 2),
(69, 50, 1),
(69, 54, 3),
(69, 59, 3),
(69, 93, 4),
(69, 118, 2),
(69, 151, 4),
(69, 178, 5),
(69, 179, 5),
(70, 40, 4),
(70, 125, 3),
(70, 134, 5),
(70, 151, 1),
(70, 169, 3),
(70, 181, 1),
(70, 250, 2),
(71, 13, 2),
(71, 18, 1),
(71, 35, 1),
(71, 76, 2),
(71, 111, 1),
(71, 171, 1),
(71, 199, 1),
(71, 221, 1),
(71, 230, 5),
(72, 10, 1),
(72, 86, 3),
(72, 111, 3),
(72, 135, 2),
(72, 206, 4),
(72, 212, 2),
(73, 10, 1),
(73, 17, 5),
(73, 20, 4),
(73, 59, 1),
(73, 115, 2),
(73, 159, 4),
(73, 192, 3),
(73, 207, 5),
(73, 208, 4),
(73, 227, 4),
(74, 141, 1),
(75, 81, 1),
(75, 187, 2),
(75, 223, 5),
(75, 233, 2),
(76, 6, 3),
(76, 26, 3),
(76, 58, 3),
(76, 123, 3),
(76, 174, 2),
(76, 223, 1),
(76, 231, 5),
(76, 243, 3),
(77, 245, 3),
(78, 85, 4),
(78, 126, 2),
(78, 169, 1),
(78, 177, 1),
(78, 188, 1),
(78, 202, 3),
(78, 216, 4),
(78, 217, 5),
(78, 233, 1),
(79, 77, 5),
(80, 8, 4),
(80, 88, 5),
(80, 113, 1),
(80, 196, 2),
(81, 100, 1),
(81, 128, 4),
(81, 150, 5),
(81, 156, 2),
(81, 162, 1),
(81, 167, 2),
(81, 180, 2),
(81, 205, 5),
(81, 236, 1),
(81, 251, 3),
(82, 42, 3),
(83, 62, 4),
(83, 162, 3),
(83, 196, 2),
(83, 236, 5),
(84, 68, 3),
(84, 117, 2),
(84, 125, 2),
(84, 150, 2),
(84, 152, 2),
(84, 165, 4),
(84, 208, 5),
(84, 225, 2),
(85, 26, 2),
(85, 43, 3),
(85, 56, 5),
(85, 63, 4),
(85, 115, 5),
(85, 144, 4),
(85, 161, 3),
(85, 187, 5),
(85, 194, 4),
(85, 248, 1),
(86, 58, 2),
(86, 128, 4),
(86, 132, 4),
(86, 134, 4),
(86, 143, 3),
(86, 158, 5),
(86, 159, 5),
(86, 179, 1),
(86, 206, 1),
(87, 168, 2),
(88, 12, 2),
(88, 74, 3),
(89, 218, 2),
(90, 12, 1),
(90, 20, 4),
(90, 121, 1),
(90, 151, 4),
(90, 161, 1),
(90, 169, 5),
(90, 182, 4),
(90, 186, 3),
(90, 199, 4),
(90, 251, 3),
(91, 54, 5),
(91, 61, 4),
(91, 68, 1),
(91, 85, 3),
(91, 109, 2),
(91, 181, 3),
(91, 227, 4),
(92, 94, 4),
(92, 172, 4),
(93, 132, 3),
(94, 45, 1),
(94, 85, 2),
(94, 88, 3),
(94, 99, 4),
(94, 186, 2),
(95, 18, 2),
(95, 91, 5),
(95, 204, 4),
(95, 226, 5),
(96, 21, 5),
(96, 86, 3),
(96, 111, 1),
(96, 117, 4),
(96, 131, 4),
(96, 154, 2),
(96, 181, 5),
(96, 228, 4),
(97, 6, 2),
(97, 27, 5),
(97, 41, 2),
(97, 85, 4),
(97, 91, 4),
(97, 166, 2),
(97, 172, 3),
(97, 195, 3),
(98, 176, 4),
(99, 19, 5),
(99, 25, 3),
(100, 16, 5),
(100, 147, 3),
(101, 13, 5),
(101, 16, 4),
(101, 25, 5),
(101, 52, 5),
(101, 62, 3),
(101, 121, 5),
(101, 169, 3),
(101, 195, 1),
(101, 213, 4),
(102, 7, 4),
(102, 105, 3),
(102, 121, 4),
(102, 194, 3),
(102, 199, 4),
(102, 207, 4),
(103, 27, 4),
(103, 56, 3),
(104, 113, 5),
(104, 223, 4),
(104, 245, 5),
(105, 25, 3),
(105, 28, 2),
(105, 49, 4),
(105, 71, 1),
(105, 106, 4),
(105, 209, 5),
(105, 223, 3),
(105, 227, 1),
(106, 36, 4),
(106, 44, 4),
(106, 62, 2),
(106, 122, 3),
(106, 131, 3),
(106, 210, 1),
(106, 252, 2),
(107, 54, 1),
(107, 65, 3),
(107, 110, 2),
(107, 196, 5),
(107, 225, 3),
(107, 231, 4),
(108, 20, 1),
(108, 24, 2),
(108, 43, 5),
(108, 47, 3),
(108, 70, 5),
(108, 72, 1),
(108, 78, 1),
(108, 119, 3),
(108, 136, 5),
(109, 8, 2),
(109, 109, 5),
(109, 237, 5),
(110, 61, 1),
(110, 73, 1),
(110, 88, 5),
(110, 104, 1),
(110, 107, 5),
(110, 129, 4),
(111, 21, 2),
(111, 27, 5),
(111, 52, 5),
(111, 57, 4),
(111, 82, 2),
(111, 132, 5),
(111, 139, 1),
(111, 220, 4),
(111, 223, 1),
(112, 51, 5),
(112, 68, 2),
(112, 198, 5),
(112, 222, 4),
(112, 243, 1),
(112, 250, 3),
(113, 79, 5),
(114, 82, 5),
(114, 194, 4),
(115, 20, 3),
(115, 46, 5),
(115, 60, 3),
(115, 123, 5),
(116, 35, 5),
(116, 36, 1),
(116, 38, 2),
(116, 117, 1),
(116, 130, 1),
(116, 141, 4),
(116, 200, 5),
(116, 237, 3),
(117, 124, 4),
(117, 153, 2),
(117, 166, 5),
(117, 170, 2),
(117, 186, 5),
(117, 191, 1),
(118, 5, 5),
(118, 34, 4),
(118, 59, 2),
(118, 94, 4),
(118, 101, 5),
(118, 185, 2),
(118, 228, 5),
(118, 232, 4),
(119, 3, 1),
(119, 77, 1),
(119, 79, 1),
(119, 92, 3),
(119, 145, 2),
(119, 183, 1),
(119, 223, 4),
(119, 229, 1),
(120, 45, 5),
(121, 99, 4),
(121, 113, 5),
(121, 143, 3),
(121, 180, 3),
(121, 190, 5),
(122, 21, 1),
(122, 45, 4),
(122, 143, 4),
(122, 147, 1),
(122, 174, 4),
(122, 175, 5),
(122, 191, 2),
(122, 198, 4),
(123, 8, 4),
(123, 84, 4),
(123, 91, 1),
(123, 121, 3),
(123, 183, 5),
(123, 209, 2),
(124, 95, 1),
(124, 154, 2),
(125, 29, 2),
(125, 49, 1),
(125, 200, 1),
(125, 210, 4),
(125, 223, 5),
(126, 2, 4),
(126, 58, 3),
(126, 129, 5),
(126, 220, 4),
(126, 250, 1),
(127, 189, 3),
(127, 198, 2),
(127, 202, 5),
(127, 247, 2),
(128, 9, 4),
(128, 42, 2),
(128, 53, 2),
(128, 123, 2),
(128, 152, 2),
(128, 155, 4),
(128, 171, 2),
(128, 199, 5),
(128, 226, 4),
(129, 29, 4),
(129, 38, 5),
(129, 40, 3),
(129, 44, 1),
(129, 96, 5),
(129, 144, 5),
(129, 194, 4),
(130, 73, 3),
(130, 158, 3),
(130, 160, 5),
(131, 139, 2),
(132, 54, 2),
(132, 199, 3),
(133, 7, 2),
(133, 36, 2),
(133, 197, 5),
(133, 217, 3),
(133, 247, 3),
(133, 249, 4),
(134, 17, 5),
(134, 42, 5),
(134, 70, 2),
(134, 92, 4),
(134, 134, 1),
(134, 179, 4),
(134, 190, 5),
(134, 214, 4),
(134, 223, 2),
(134, 229, 3),
(135, 35, 5),
(135, 44, 3),
(135, 61, 5),
(135, 70, 2),
(135, 136, 2),
(135, 156, 4),
(135, 194, 4),
(136, 27, 5),
(136, 63, 1),
(136, 89, 5),
(136, 214, 5),
(137, 112, 1),
(137, 162, 1),
(137, 195, 5),
(137, 205, 3),
(138, 78, 3),
(138, 94, 1),
(138, 109, 4),
(138, 220, 2),
(139, 34, 5),
(139, 43, 1),
(139, 169, 4),
(139, 180, 4),
(140, 71, 3),
(140, 91, 4),
(140, 99, 2),
(140, 108, 5),
(140, 127, 1),
(140, 135, 4),
(140, 177, 4),
(140, 189, 1),
(140, 216, 4),
(140, 241, 2),
(141, 5, 5),
(141, 38, 5),
(141, 202, 1),
(141, 238, 4),
(142, 89, 2),
(143, 19, 5),
(143, 22, 2),
(143, 102, 2),
(143, 125, 1),
(143, 142, 5),
(143, 155, 1),
(143, 223, 1),
(143, 251, 3),
(143, 252, 1),
(144, 111, 1),
(144, 125, 2),
(144, 141, 2),
(144, 175, 4),
(144, 217, 1),
(144, 231, 4),
(144, 232, 1),
(145, 40, 1),
(145, 72, 4),
(145, 112, 1),
(145, 138, 5),
(145, 192, 1),
(145, 207, 1),
(145, 251, 5),
(146, 57, 2),
(146, 74, 1),
(146, 158, 5),
(146, 177, 1),
(147, 39, 5),
(147, 78, 4),
(147, 109, 4),
(147, 125, 4),
(147, 185, 3),
(148, 4, 2),
(148, 127, 3),
(148, 190, 5),
(149, 76, 5),
(149, 95, 5),
(149, 97, 5),
(149, 105, 3),
(149, 106, 4),
(149, 123, 2),
(149, 183, 3),
(149, 190, 4),
(149, 225, 1),
(150, 63, 5),
(150, 110, 5),
(150, 116, 2),
(150, 146, 2),
(150, 171, 4),
(150, 209, 3),
(150, 221, 3),
(150, 235, 5),
(151, 199, 3),
(152, 26, 2),
(152, 29, 2),
(152, 55, 2),
(152, 74, 2),
(152, 86, 5),
(152, 87, 2),
(152, 146, 2),
(152, 156, 4),
(152, 184, 1),
(152, 220, 4),
(153, 81, 4),
(153, 203, 1),
(153, 210, 5),
(153, 245, 2),
(154, 32, 1),
(154, 75, 1),
(154, 234, 2),
(155, 30, 2),
(155, 53, 5),
(155, 102, 4),
(155, 110, 5),
(155, 150, 3),
(155, 180, 1),
(155, 194, 1),
(155, 196, 4),
(155, 205, 4),
(155, 251, 2),
(156, 8, 1),
(156, 27, 5),
(156, 65, 1),
(156, 183, 2),
(157, 2, 4),
(157, 14, 4),
(157, 34, 1),
(157, 82, 5),
(157, 84, 4),
(157, 99, 4),
(157, 219, 3),
(158, 8, 5),
(158, 45, 4),
(158, 46, 4),
(158, 69, 1),
(158, 90, 4),
(158, 142, 5),
(158, 219, 4),
(159, 126, 3),
(159, 145, 1),
(160, 2, 1),
(160, 120, 3),
(160, 122, 4),
(160, 182, 2),
(161, 106, 5),
(161, 107, 5),
(161, 204, 1),
(162, 39, 1),
(162, 71, 1),
(162, 231, 2),
(163, 20, 2),
(163, 68, 3),
(163, 69, 5),
(163, 94, 2),
(163, 217, 4),
(163, 247, 1),
(163, 252, 5),
(164, 13, 5),
(164, 38, 2),
(164, 49, 3),
(164, 88, 3),
(164, 153, 1),
(164, 209, 5),
(165, 32, 2),
(165, 132, 4),
(165, 183, 5),
(165, 200, 2),
(166, 28, 2),
(166, 38, 1),
(166, 47, 4),
(166, 69, 3),
(166, 79, 5),
(166, 80, 3),
(166, 178, 2),
(166, 192, 3),
(166, 201, 4),
(167, 62, 2),
(168, 26, 2),
(168, 55, 5),
(168, 87, 3),
(168, 155, 5),
(168, 230, 2),
(169, 38, 1),
(169, 65, 3),
(169, 168, 3),
(169, 185, 5),
(169, 233, 4),
(170, 37, 5),
(170, 61, 3),
(170, 84, 2),
(170, 104, 4),
(170, 106, 2),
(170, 119, 5),
(170, 154, 5),
(170, 189, 3),
(171, 18, 5),
(171, 30, 2),
(171, 38, 5),
(171, 89, 1),
(171, 94, 4),
(171, 153, 1),
(171, 155, 1),
(171, 179, 5),
(171, 190, 2),
(171, 243, 2),
(172, 3, 3),
(172, 16, 4),
(172, 31, 5),
(172, 102, 5),
(173, 67, 3),
(173, 72, 2),
(173, 104, 3),
(173, 112, 5),
(173, 130, 1),
(173, 239, 2),
(174, 23, 1),
(174, 32, 2),
(174, 114, 3),
(174, 136, 1),
(174, 168, 4),
(174, 173, 4),
(174, 174, 3),
(174, 220, 5),
(174, 223, 2),
(174, 245, 5),
(175, 201, 2),
(175, 213, 1),
(175, 230, 3),
(176, 25, 3),
(176, 156, 2),
(176, 183, 2),
(176, 185, 3),
(176, 222, 3),
(177, 7, 2),
(177, 26, 4),
(177, 83, 5),
(177, 95, 5),
(177, 128, 2),
(177, 170, 4),
(177, 186, 3),
(177, 201, 5),
(178, 67, 2),
(178, 84, 5),
(178, 87, 5),
(178, 127, 4),
(178, 144, 5),
(178, 154, 5),
(178, 181, 2),
(178, 212, 2),
(179, 7, 3),
(179, 8, 2),
(179, 62, 4),
(179, 101, 5),
(179, 118, 4),
(179, 155, 2),
(179, 185, 5),
(179, 229, 3),
(180, 158, 4),
(180, 190, 1),
(181, 52, 4),
(181, 59, 3),
(181, 76, 5),
(181, 93, 5),
(181, 167, 3),
(182, 86, 5),
(182, 88, 5),
(182, 95, 5),
(182, 164, 5),
(183, 144, 3),
(184, 50, 1),
(184, 64, 3),
(184, 73, 3),
(184, 78, 5),
(184, 104, 2),
(184, 128, 2),
(184, 141, 2),
(184, 192, 4),
(184, 238, 5),
(185, 6, 2),
(185, 36, 1),
(185, 110, 3),
(185, 184, 1),
(185, 185, 1),
(185, 195, 1),
(185, 232, 4),
(185, 242, 5),
(186, 219, 1),
(187, 36, 3),
(187, 58, 4),
(187, 141, 3),
(187, 158, 5),
(187, 162, 5),
(187, 168, 5),
(187, 184, 2),
(187, 212, 4),
(187, 221, 5),
(187, 232, 5),
(188, 14, 2),
(188, 190, 1),
(188, 239, 4),
(189, 195, 2),
(190, 27, 2),
(190, 230, 5),
(191, 213, 3),
(192, 8, 4),
(192, 56, 4),
(192, 87, 1),
(192, 104, 2),
(192, 141, 1),
(193, 48, 3),
(193, 66, 1),
(193, 70, 5),
(193, 94, 2),
(193, 174, 2),
(193, 179, 3),
(193, 193, 2),
(193, 198, 1),
(194, 64, 5),
(194, 135, 5),
(194, 147, 4),
(195, 23, 5),
(195, 109, 2),
(195, 118, 3),
(195, 163, 4),
(195, 166, 5),
(195, 228, 3),
(195, 238, 4),
(196, 60, 1),
(196, 71, 2),
(196, 126, 2),
(196, 148, 3),
(196, 159, 2),
(196, 162, 2),
(196, 176, 2),
(196, 191, 1),
(196, 220, 4),
(197, 58, 3),
(197, 94, 1),
(197, 136, 3),
(197, 182, 3),
(197, 227, 5),
(197, 234, 3),
(197, 238, 4),
(197, 248, 2),
(198, 10, 4),
(198, 23, 4),
(198, 40, 2),
(198, 63, 2),
(198, 65, 1),
(198, 71, 3),
(198, 128, 4),
(198, 227, 1),
(199, 16, 2),
(199, 39, 3),
(199, 64, 1),
(199, 73, 1),
(199, 92, 1),
(199, 111, 5),
(199, 145, 5),
(199, 187, 4),
(199, 203, 4),
(200, 112, 5),
(200, 120, 1),
(201, 40, 1),
(201, 141, 2),
(201, 204, 3),
(201, 221, 1),
(202, 85, 5),
(202, 150, 2),
(202, 192, 2),
(202, 233, 1),
(203, 41, 1),
(203, 70, 1),
(203, 171, 4),
(203, 234, 1),
(204, 92, 4),
(205, 34, 5),
(205, 72, 3),
(205, 155, 5),
(205, 171, 4),
(205, 186, 1),
(205, 245, 2),
(206, 19, 1),
(206, 125, 5),
(206, 126, 4),
(206, 171, 4),
(206, 204, 1),
(207, 10, 2),
(207, 232, 3),
(208, 4, 1),
(208, 45, 2),
(208, 48, 4),
(208, 56, 3),
(208, 88, 5),
(208, 89, 1),
(208, 110, 1),
(208, 147, 4),
(208, 190, 4),
(208, 232, 2),
(209, 3, 2),
(209, 97, 3),
(209, 108, 2),
(209, 131, 3),
(209, 203, 4),
(209, 243, 4),
(210, 108, 2),
(210, 128, 5),
(210, 188, 5),
(210, 250, 3),
(211, 125, 2),
(211, 160, 3),
(212, 15, 5),
(212, 38, 1),
(212, 50, 5),
(212, 52, 3),
(212, 90, 1),
(212, 130, 4),
(212, 151, 2),
(212, 156, 4),
(212, 163, 4),
(212, 195, 4),
(213, 189, 4),
(214, 70, 5),
(214, 128, 5),
(214, 185, 4),
(215, 25, 1),
(215, 80, 2),
(215, 129, 2),
(215, 136, 5),
(215, 181, 5),
(215, 212, 4),
(216, 29, 3),
(216, 92, 1),
(216, 115, 3),
(216, 117, 2),
(216, 228, 3),
(216, 252, 3),
(217, 106, 3),
(217, 111, 4),
(217, 142, 2),
(217, 143, 1),
(217, 147, 5),
(217, 148, 5),
(217, 171, 2),
(217, 201, 5),
(217, 252, 2),
(218, 7, 5),
(218, 106, 2),
(218, 136, 3),
(219, 5, 4),
(219, 107, 2),
(219, 123, 1),
(219, 157, 5),
(219, 185, 4),
(219, 227, 4),
(219, 240, 5),
(220, 43, 2),
(220, 47, 2),
(220, 56, 5),
(220, 63, 2),
(220, 95, 2),
(220, 103, 2),
(220, 145, 3),
(220, 202, 3),
(221, 5, 2),
(221, 63, 4),
(221, 107, 2),
(221, 121, 5),
(221, 131, 2),
(221, 175, 5),
(221, 184, 4),
(221, 209, 3),
(222, 120, 5),
(222, 164, 3),
(223, 29, 3),
(223, 172, 5),
(223, 252, 3),
(224, 130, 5),
(224, 131, 5),
(224, 154, 1),
(224, 158, 5),
(224, 215, 2),
(225, 13, 5),
(225, 23, 2),
(225, 76, 1),
(225, 91, 3),
(225, 168, 1),
(225, 187, 3),
(225, 204, 1),
(226, 165, 2),
(226, 192, 2),
(226, 202, 2),
(226, 251, 2),
(227, 82, 1),
(227, 143, 4),
(227, 168, 1),
(228, 35, 4),
(228, 86, 5),
(228, 101, 2),
(228, 140, 3),
(228, 234, 3),
(228, 237, 5),
(228, 248, 5),
(229, 60, 3),
(229, 91, 1),
(229, 99, 1),
(229, 153, 4),
(229, 197, 3),
(229, 207, 5),
(229, 233, 3),
(230, 116, 5),
(230, 121, 5),
(230, 164, 5),
(230, 222, 3),
(231, 52, 1),
(231, 82, 3),
(231, 96, 3),
(231, 130, 1),
(231, 131, 4),
(231, 154, 1),
(231, 166, 5),
(231, 168, 4),
(231, 195, 1),
(231, 218, 5),
(232, 27, 1),
(232, 30, 2),
(232, 45, 5),
(232, 62, 1),
(232, 105, 5),
(232, 139, 2),
(232, 141, 3),
(232, 187, 2),
(232, 214, 2),
(233, 8, 3),
(233, 40, 3),
(233, 41, 2),
(233, 43, 1),
(233, 94, 5),
(233, 129, 2),
(233, 166, 3),
(233, 182, 5),
(233, 194, 4),
(233, 241, 2),
(234, 106, 4),
(234, 127, 2),
(234, 131, 1),
(234, 142, 3),
(234, 148, 4),
(234, 164, 4),
(234, 180, 3),
(234, 196, 3),
(234, 216, 1),
(234, 250, 3),
(235, 53, 4),
(235, 63, 2),
(235, 204, 5),
(235, 216, 2),
(235, 221, 3),
(236, 9, 5),
(236, 44, 2),
(236, 45, 4),
(236, 76, 3),
(236, 103, 1),
(236, 116, 3),
(236, 223, 3),
(236, 238, 2),
(237, 11, 2),
(238, 12, 3),
(238, 49, 4),
(238, 89, 5),
(238, 156, 5),
(238, 176, 3),
(238, 183, 1),
(238, 185, 1),
(238, 206, 1),
(238, 209, 5),
(238, 216, 3),
(239, 65, 5),
(239, 76, 4),
(239, 128, 5),
(239, 194, 2),
(239, 223, 2),
(239, 230, 2),
(240, 25, 5),
(240, 34, 5),
(240, 152, 5),
(240, 159, 2),
(240, 176, 3),
(240, 194, 2),
(240, 201, 1),
(240, 226, 2),
(240, 245, 5),
(241, 43, 3),
(241, 62, 1),
(241, 78, 3),
(241, 154, 1),
(241, 158, 5),
(241, 204, 1),
(241, 222, 1),
(242, 153, 1),
(242, 235, 5),
(242, 250, 2),
(243, 149, 2),
(243, 155, 5),
(243, 210, 2),
(243, 231, 1),
(244, 29, 3),
(244, 45, 3),
(244, 55, 5),
(244, 86, 5),
(244, 124, 3),
(244, 139, 5),
(244, 245, 3),
(245, 65, 3),
(246, 4, 4),
(246, 10, 4),
(246, 66, 2),
(246, 84, 1),
(246, 119, 4),
(246, 126, 3),
(246, 171, 2),
(246, 248, 2),
(247, 28, 3),
(247, 55, 3),
(247, 92, 4),
(247, 126, 3),
(247, 143, 3),
(247, 184, 4),
(247, 212, 1),
(247, 235, 3),
(248, 16, 5),
(248, 44, 2),
(248, 94, 3),
(248, 113, 5),
(248, 120, 4),
(248, 126, 3),
(248, 174, 4),
(248, 244, 3),
(249, 64, 3),
(249, 170, 3),
(249, 200, 1),
(249, 225, 3),
(249, 245, 2),
(249, 247, 5),
(250, 69, 3),
(250, 97, 1),
(250, 110, 1),
(250, 164, 2),
(250, 180, 5),
(250, 188, 3),
(250, 194, 5),
(250, 225, 2),
(251, 1, 4),
(251, 94, 1),
(251, 197, 5),
(251, 198, 1),
(252, 99, 5),
(252, 108, 5),
(252, 179, 2),
(252, 205, 3),
(252, 225, 5),
(252, 228, 3),
(253, 77, 2),
(253, 209, 1),
(253, 212, 2),
(253, 236, 5),
(254, 10, 4),
(254, 26, 5),
(254, 64, 1),
(254, 69, 2),
(254, 96, 5),
(254, 129, 4),
(254, 157, 4),
(254, 183, 1),
(254, 240, 1),
(255, 57, 2),
(255, 74, 4),
(256, 55, 2),
(256, 69, 4),
(256, 71, 5),
(256, 99, 5),
(256, 128, 4),
(256, 154, 4),
(256, 244, 1),
(256, 249, 4),
(257, 9, 5),
(257, 157, 5),
(257, 158, 2),
(257, 165, 4),
(258, 99, 5),
(258, 172, 5),
(259, 59, 3),
(259, 77, 2),
(259, 177, 5),
(259, 197, 3),
(259, 200, 3),
(259, 201, 2),
(260, 63, 5),
(260, 108, 4),
(261, 25, 3),
(261, 28, 1),
(261, 55, 4),
(261, 58, 4),
(261, 157, 2),
(261, 172, 2),
(261, 211, 1),
(261, 227, 4),
(261, 247, 3),
(261, 250, 3),
(262, 21, 2),
(262, 50, 5),
(262, 113, 3),
(262, 120, 1),
(263, 10, 2),
(263, 77, 3),
(263, 83, 4),
(263, 106, 1),
(263, 116, 4),
(263, 118, 4),
(263, 213, 1),
(264, 27, 5),
(264, 28, 5),
(264, 79, 4),
(264, 188, 2),
(264, 217, 2),
(264, 228, 3),
(265, 157, 3),
(265, 172, 3),
(266, 128, 2),
(266, 181, 3),
(266, 195, 4),
(267, 46, 1),
(268, 91, 1),
(268, 107, 5),
(268, 186, 5),
(268, 208, 3),
(268, 222, 3),
(268, 241, 5),
(269, 29, 5),
(269, 108, 4),
(269, 109, 2),
(269, 133, 4),
(269, 152, 1),
(269, 177, 4),
(269, 200, 3),
(270, 52, 1),
(271, 36, 1),
(271, 41, 5),
(271, 165, 5),
(272, 34, 5),
(272, 108, 3),
(272, 128, 4),
(272, 162, 1),
(272, 192, 3),
(273, 18, 1),
(273, 33, 4),
(273, 96, 2),
(273, 168, 2),
(273, 186, 5),
(274, 63, 5),
(274, 102, 4),
(275, 1, 1),
(275, 2, 3),
(275, 24, 4),
(275, 93, 2),
(275, 112, 5),
(275, 187, 4),
(275, 219, 5),
(275, 251, 5),
(276, 50, 5),
(276, 76, 4),
(276, 95, 3),
(276, 107, 2),
(276, 137, 1),
(276, 148, 1),
(276, 166, 2),
(277, 95, 4),
(277, 110, 5),
(277, 126, 3),
(277, 127, 3),
(277, 130, 5),
(277, 215, 4),
(278, 34, 4),
(278, 64, 5),
(278, 206, 5),
(278, 229, 1),
(279, 61, 5),
(279, 64, 4),
(279, 106, 3),
(279, 108, 1),
(279, 121, 4),
(279, 128, 5),
(279, 154, 5),
(279, 169, 3),
(279, 187, 2),
(279, 246, 1),
(280, 115, 3),
(280, 158, 5),
(280, 249, 1),
(281, 35, 3),
(281, 36, 2),
(281, 43, 3),
(281, 120, 5),
(281, 145, 5),
(281, 158, 3),
(281, 163, 2),
(281, 190, 3),
(282, 22, 3),
(282, 139, 4),
(282, 146, 1),
(282, 148, 3),
(282, 182, 2),
(282, 250, 5),
(283, 6, 4),
(283, 72, 5),
(283, 83, 2),
(283, 151, 1),
(283, 241, 5),
(283, 245, 5),
(284, 5, 1),
(284, 26, 2),
(284, 40, 2),
(284, 77, 3),
(284, 111, 3),
(284, 222, 5),
(284, 250, 4),
(285, 7, 1),
(285, 54, 1),
(285, 57, 3),
(285, 92, 1),
(285, 115, 5),
(285, 155, 2),
(285, 168, 3),
(285, 174, 3),
(285, 198, 4),
(285, 215, 1),
(286, 35, 4),
(286, 97, 4),
(286, 183, 1),
(286, 249, 2),
(287, 7, 4),
(287, 13, 4),
(287, 56, 4),
(287, 61, 2),
(287, 67, 4),
(287, 110, 4),
(287, 112, 4),
(287, 173, 2),
(287, 212, 1),
(288, 19, 5),
(288, 142, 5),
(289, 24, 5),
(289, 38, 3),
(289, 56, 5),
(289, 114, 2),
(289, 178, 5),
(289, 183, 3),
(289, 208, 1),
(289, 215, 5),
(290, 13, 4),
(290, 172, 4),
(291, 7, 1),
(291, 37, 5),
(291, 140, 2),
(291, 143, 1),
(291, 178, 1),
(291, 215, 1),
(292, 30, 5),
(292, 72, 1),
(292, 151, 1),
(292, 155, 3),
(292, 175, 5),
(292, 190, 1),
(292, 245, 1),
(293, 80, 1),
(293, 85, 5),
(293, 246, 4),
(294, 40, 4),
(294, 58, 4),
(294, 69, 4),
(294, 72, 2),
(294, 98, 2),
(294, 131, 4),
(294, 202, 2),
(294, 233, 1),
(295, 111, 3),
(295, 144, 4),
(296, 9, 3),
(296, 32, 3),
(296, 59, 4),
(296, 64, 5),
(296, 66, 1),
(296, 83, 1),
(296, 86, 1),
(296, 151, 1),
(296, 203, 1),
(297, 19, 4),
(297, 69, 4),
(297, 75, 4),
(297, 82, 5),
(297, 107, 1),
(297, 220, 4),
(297, 243, 3),
(298, 20, 5),
(298, 32, 1),
(298, 50, 4),
(298, 96, 1),
(298, 109, 4),
(298, 134, 2),
(298, 177, 3),
(299, 86, 3),
(299, 125, 1),
(299, 220, 3),
(299, 227, 3),
(300, 54, 5),
(300, 200, 5),
(301, 35, 3),
(301, 59, 5),
(302, 71, 1),
(302, 88, 5),
(302, 213, 5),
(303, 22, 4),
(303, 24, 1),
(303, 38, 3),
(303, 48, 2),
(303, 115, 4),
(303, 147, 3),
(303, 160, 5),
(303, 229, 2),
(303, 247, 5),
(304, 2, 2),
(304, 120, 5),
(304, 141, 4),
(304, 210, 2),
(304, 239, 4),
(305, 8, 3),
(305, 65, 5),
(305, 138, 3),
(305, 187, 1),
(305, 218, 2),
(305, 244, 1),
(306, 128, 1),
(307, 3, 1),
(307, 108, 5),
(307, 138, 5),
(307, 187, 4),
(307, 210, 5),
(307, 211, 5),
(307, 226, 4),
(307, 237, 4),
(308, 90, 3),
(308, 101, 5),
(308, 146, 1),
(309, 16, 1),
(309, 111, 2),
(310, 28, 3),
(310, 33, 4),
(310, 54, 5),
(310, 74, 4),
(310, 81, 4),
(310, 149, 2),
(310, 158, 2),
(311, 26, 5),
(311, 39, 2),
(311, 48, 4),
(311, 58, 4),
(311, 70, 2),
(311, 102, 4),
(311, 106, 5),
(311, 205, 2),
(311, 210, 4),
(311, 231, 5),
(312, 55, 5),
(312, 145, 2),
(312, 247, 1),
(313, 24, 5),
(313, 25, 5),
(313, 29, 5),
(313, 62, 5),
(313, 103, 3),
(313, 158, 4),
(313, 221, 3),
(313, 246, 4),
(314, 12, 1),
(314, 64, 4),
(314, 67, 4),
(314, 78, 5),
(314, 244, 2),
(315, 3, 1),
(315, 20, 5),
(315, 61, 4),
(315, 78, 2),
(315, 86, 3),
(315, 106, 3),
(315, 186, 4),
(315, 201, 5),
(315, 240, 3),
(316, 17, 3),
(316, 56, 5),
(317, 63, 2),
(317, 131, 3),
(317, 136, 2),
(317, 137, 3),
(317, 188, 1),
(318, 51, 1),
(318, 66, 5),
(318, 69, 1),
(318, 92, 5),
(318, 115, 5),
(318, 209, 3),
(318, 229, 1),
(318, 238, 2),
(319, 2, 5),
(319, 63, 1),
(319, 92, 3),
(319, 97, 4),
(319, 143, 2),
(319, 159, 4),
(319, 160, 3),
(319, 198, 5),
(319, 217, 2),
(319, 252, 4),
(320, 190, 2),
(321, 6, 4),
(321, 10, 2),
(321, 30, 3),
(321, 31, 2),
(321, 49, 5),
(321, 143, 4),
(321, 150, 4),
(321, 186, 2),
(321, 193, 1),
(321, 243, 3),
(322, 8, 1),
(322, 33, 3),
(322, 48, 4),
(322, 50, 1),
(322, 86, 2),
(322, 105, 1),
(322, 130, 4),
(322, 134, 5),
(322, 181, 1),
(323, 63, 4),
(323, 92, 2),
(323, 93, 3),
(323, 101, 2),
(323, 141, 5),
(323, 154, 2),
(323, 191, 1),
(323, 228, 2),
(323, 252, 5),
(324, 64, 1),
(324, 134, 5),
(324, 137, 3),
(324, 148, 4),
(324, 164, 3),
(324, 172, 1),
(324, 182, 2),
(324, 184, 5),
(324, 185, 3),
(324, 229, 2),
(325, 172, 1),
(326, 21, 5),
(326, 196, 2),
(327, 32, 5),
(327, 56, 1),
(327, 118, 2),
(327, 151, 1),
(327, 157, 4),
(327, 174, 5),
(327, 217, 5),
(327, 231, 4),
(328, 48, 5),
(328, 78, 5),
(329, 19, 4),
(329, 50, 4),
(329, 99, 1),
(329, 110, 4),
(329, 160, 2),
(329, 163, 4),
(329, 182, 5),
(329, 217, 5),
(329, 225, 1),
(330, 4, 1),
(330, 6, 3),
(330, 50, 3),
(330, 60, 2),
(330, 86, 2),
(330, 107, 2),
(330, 132, 5),
(330, 199, 3),
(330, 237, 2),
(331, 26, 3),
(331, 67, 4),
(331, 86, 3),
(331, 120, 4),
(331, 128, 5),
(331, 222, 3),
(331, 225, 2),
(331, 237, 5),
(331, 244, 2),
(332, 47, 3),
(332, 106, 5),
(332, 177, 2),
(332, 197, 4),
(333, 61, 2),
(333, 98, 4),
(333, 154, 5),
(334, 4, 4),
(334, 7, 3),
(334, 9, 4),
(334, 43, 3),
(334, 99, 4),
(334, 119, 2),
(334, 127, 3),
(334, 131, 4),
(334, 213, 2),
(334, 227, 2),
(335, 23, 5),
(335, 53, 5),
(335, 154, 4),
(335, 229, 5),
(336, 5, 4),
(336, 36, 3),
(336, 63, 1),
(336, 67, 2),
(336, 117, 1),
(336, 158, 1),
(336, 196, 5),
(336, 218, 4),
(336, 232, 2),
(337, 121, 2),
(337, 194, 4),
(338, 44, 4),
(338, 77, 1),
(338, 117, 4),
(338, 122, 2),
(338, 155, 4),
(338, 179, 1),
(339, 42, 3),
(339, 67, 3),
(339, 132, 5),
(339, 241, 2),
(340, 13, 3),
(340, 28, 1),
(340, 68, 3),
(340, 76, 2),
(340, 85, 2),
(340, 86, 3),
(340, 192, 5),
(341, 7, 2),
(341, 29, 1),
(341, 50, 1),
(341, 68, 4),
(341, 142, 4),
(341, 163, 4),
(341, 208, 2),
(342, 61, 5),
(342, 78, 4),
(342, 119, 5),
(342, 139, 5),
(342, 189, 1),
(342, 202, 1),
(342, 214, 1),
(343, 183, 2),
(344, 9, 3),
(344, 36, 4),
(344, 46, 5),
(344, 63, 5),
(344, 90, 1),
(344, 104, 1),
(344, 146, 2),
(344, 149, 5),
(344, 169, 4),
(344, 217, 3),
(345, 20, 3),
(345, 24, 1),
(345, 43, 2),
(345, 58, 1),
(345, 77, 3),
(345, 154, 3),
(345, 251, 1),
(346, 58, 4),
(347, 6, 3),
(347, 86, 2),
(347, 98, 4),
(347, 161, 3),
(347, 193, 4),
(347, 214, 3),
(347, 220, 4),
(347, 222, 2),
(348, 20, 5),
(348, 67, 3),
(348, 82, 1),
(348, 116, 3),
(348, 188, 5),
(348, 214, 1),
(348, 248, 3),
(349, 3, 1),
(349, 13, 3),
(349, 152, 3),
(349, 193, 4),
(349, 230, 3),
(350, 67, 3),
(350, 196, 1),
(350, 201, 1),
(350, 227, 1),
(351, 43, 4),
(352, 105, 1),
(352, 127, 5),
(352, 155, 5),
(352, 236, 1),
(352, 244, 3),
(353, 50, 5),
(354, 29, 1),
(354, 40, 4),
(354, 47, 4),
(354, 52, 3),
(354, 113, 3),
(354, 188, 3),
(355, 8, 2),
(355, 42, 1),
(355, 51, 5),
(355, 55, 2),
(355, 82, 2),
(355, 114, 4),
(355, 124, 4),
(355, 139, 3),
(355, 243, 4),
(356, 95, 1),
(356, 169, 4),
(356, 190, 5),
(356, 247, 5),
(357, 140, 4),
(357, 180, 1),
(357, 202, 2),
(357, 213, 4),
(358, 78, 4),
(358, 93, 2),
(358, 98, 3),
(358, 212, 2),
(359, 86, 3),
(359, 139, 4),
(359, 147, 5),
(360, 45, 2),
(360, 51, 4),
(360, 78, 4),
(360, 115, 4),
(360, 149, 2),
(360, 150, 4),
(360, 162, 2),
(360, 249, 4),
(361, 8, 1),
(361, 18, 1),
(361, 57, 2),
(361, 80, 4),
(361, 159, 4),
(361, 197, 2),
(361, 205, 5),
(362, 16, 5),
(362, 101, 4),
(362, 151, 4),
(362, 167, 5),
(362, 168, 1),
(362, 229, 5),
(362, 239, 2),
(362, 243, 3),
(362, 249, 3),
(363, 171, 4),
(364, 15, 2),
(364, 30, 3),
(364, 45, 5),
(364, 69, 1),
(364, 144, 5),
(364, 185, 4),
(364, 210, 5),
(364, 221, 2),
(364, 227, 5),
(364, 229, 4),
(365, 38, 1),
(365, 211, 2),
(366, 136, 1),
(366, 188, 1),
(367, 35, 5),
(367, 92, 4),
(367, 100, 2),
(367, 178, 5),
(367, 221, 2),
(367, 240, 1),
(368, 46, 1),
(368, 56, 2),
(368, 76, 3),
(368, 98, 3),
(368, 99, 3),
(368, 108, 4),
(368, 165, 4),
(368, 220, 5),
(368, 223, 1),
(368, 247, 5),
(369, 55, 1),
(370, 157, 4),
(370, 176, 4),
(370, 183, 1),
(371, 186, 5),
(371, 189, 5),
(371, 193, 5),
(371, 223, 1),
(372, 193, 1),
(373, 3, 3),
(373, 32, 1),
(373, 92, 5),
(373, 132, 2),
(373, 198, 1),
(373, 246, 4),
(373, 247, 1),
(374, 49, 4),
(374, 140, 5),
(374, 150, 4),
(374, 174, 5),
(374, 216, 2),
(375, 45, 3),
(375, 78, 5),
(376, 52, 4),
(376, 57, 2),
(376, 116, 3),
(376, 117, 4),
(376, 124, 1),
(376, 134, 1),
(376, 171, 3),
(376, 181, 3),
(376, 195, 2),
(376, 214, 2),
(377, 14, 1),
(377, 35, 2),
(377, 54, 3),
(377, 105, 2),
(377, 245, 4),
(378, 220, 2),
(378, 230, 5),
(379, 186, 4),
(379, 201, 3),
(379, 211, 3),
(379, 228, 5),
(380, 19, 1),
(380, 39, 2),
(380, 164, 2),
(381, 3, 4),
(381, 8, 5),
(381, 65, 4),
(381, 74, 4),
(381, 102, 1),
(381, 104, 3),
(381, 146, 5),
(381, 226, 1),
(382, 111, 2),
(383, 14, 2),
(383, 33, 4),
(383, 43, 4),
(383, 109, 5),
(383, 118, 3),
(383, 176, 1),
(383, 209, 5),
(383, 222, 3),
(383, 246, 1),
(384, 11, 3),
(384, 41, 2),
(384, 57, 2),
(384, 71, 3),
(384, 74, 3),
(384, 165, 5),
(385, 47, 3),
(385, 107, 2),
(385, 127, 5),
(385, 145, 5),
(385, 188, 4),
(386, 33, 5),
(386, 83, 1),
(386, 87, 4),
(386, 105, 2),
(386, 110, 4),
(386, 145, 2),
(387, 15, 5),
(387, 36, 5),
(387, 72, 2),
(387, 151, 1),
(387, 209, 1),
(387, 211, 1),
(387, 250, 2),
(388, 53, 2),
(388, 150, 2),
(388, 156, 2),
(388, 165, 3),
(388, 199, 3),
(389, 40, 4),
(389, 114, 5),
(389, 144, 1),
(389, 148, 1),
(389, 163, 2),
(389, 243, 2),
(390, 25, 5),
(390, 210, 2),
(391, 2, 1),
(391, 4, 2),
(391, 19, 5),
(391, 28, 4),
(391, 32, 5),
(391, 59, 3),
(391, 86, 1),
(391, 150, 2),
(391, 163, 3),
(391, 247, 2),
(392, 40, 1),
(392, 54, 2),
(392, 195, 1),
(393, 10, 1),
(393, 32, 4),
(393, 48, 2),
(393, 64, 5),
(393, 95, 2),
(393, 157, 3),
(393, 211, 3),
(394, 36, 1),
(394, 47, 5),
(394, 50, 4),
(394, 68, 1),
(394, 74, 1),
(394, 181, 3),
(394, 234, 4),
(394, 239, 1),
(394, 243, 5),
(395, 23, 2),
(395, 41, 1),
(395, 176, 5),
(395, 209, 3),
(395, 223, 4),
(395, 227, 3),
(396, 148, 1),
(396, 181, 5),
(397, 3, 1),
(397, 34, 2),
(397, 41, 4),
(397, 100, 4),
(397, 129, 2),
(397, 179, 5),
(397, 209, 3),
(397, 226, 3),
(397, 251, 5),
(398, 56, 3),
(399, 91, 1),
(400, 31, 1),
(400, 45, 1),
(400, 81, 1),
(400, 92, 2),
(400, 95, 5),
(400, 119, 5),
(400, 193, 5),
(400, 228, 5),
(400, 233, 5),
(401, 194, 5),
(402, 55, 5),
(402, 77, 3),
(402, 160, 1),
(402, 249, 2),
(403, 36, 4),
(403, 56, 3),
(403, 64, 2),
(403, 128, 2),
(403, 141, 1),
(403, 144, 4),
(403, 153, 4),
(403, 205, 3),
(404, 66, 2),
(404, 198, 3),
(404, 247, 2),
(405, 51, 2),
(405, 62, 2),
(405, 93, 5),
(405, 112, 1),
(405, 114, 1),
(405, 139, 2),
(405, 159, 3),
(406, 33, 1),
(406, 50, 5),
(406, 104, 4),
(406, 195, 5),
(406, 208, 5),
(406, 211, 3),
(406, 234, 4),
(406, 249, 5),
(407, 57, 4),
(407, 68, 2),
(407, 89, 3),
(407, 109, 1),
(407, 118, 2),
(407, 144, 1),
(407, 173, 5),
(407, 183, 1),
(407, 248, 1),
(408, 104, 3),
(408, 139, 1),
(408, 162, 4),
(408, 166, 1),
(409, 6, 1),
(409, 29, 5),
(409, 48, 1),
(409, 134, 1),
(410, 55, 1),
(410, 140, 3),
(410, 146, 2),
(410, 226, 2),
(410, 244, 3),
(411, 21, 1),
(411, 102, 3),
(411, 129, 5),
(411, 147, 2),
(411, 160, 4),
(411, 211, 5),
(412, 27, 1),
(412, 55, 1),
(412, 60, 4),
(412, 65, 5),
(412, 76, 2),
(412, 156, 3),
(412, 157, 2),
(412, 185, 3),
(412, 212, 2),
(412, 237, 2),
(413, 71, 3),
(413, 83, 1),
(413, 89, 3),
(413, 150, 2),
(413, 161, 5),
(413, 166, 5),
(413, 251, 2),
(414, 80, 4),
(414, 174, 1),
(414, 232, 4),
(415, 18, 2),
(415, 101, 3),
(415, 112, 4),
(415, 143, 4),
(415, 233, 5),
(416, 2, 1),
(416, 16, 5),
(416, 21, 3),
(416, 138, 1),
(417, 22, 3),
(417, 52, 2),
(417, 54, 3),
(417, 120, 2),
(417, 144, 5),
(417, 151, 2),
(417, 178, 5),
(417, 238, 4),
(418, 42, 5),
(418, 53, 5),
(418, 64, 5),
(418, 138, 2),
(418, 157, 5),
(418, 187, 1),
(418, 219, 3),
(419, 12, 3),
(419, 108, 3),
(419, 128, 4),
(419, 185, 1),
(419, 190, 4),
(419, 220, 2),
(420, 39, 3),
(420, 41, 1),
(420, 52, 2),
(420, 72, 3),
(420, 103, 5),
(420, 179, 4),
(420, 225, 3),
(420, 240, 3),
(421, 55, 5),
(421, 71, 1),
(421, 206, 4),
(421, 225, 1),
(422, 31, 2),
(422, 99, 5),
(422, 100, 4),
(422, 143, 5),
(422, 240, 3),
(423, 32, 1),
(423, 76, 3),
(423, 87, 5),
(423, 92, 3),
(423, 96, 2),
(423, 129, 3),
(423, 138, 2),
(423, 141, 2),
(423, 173, 4),
(423, 232, 5),
(424, 32, 4),
(424, 48, 2),
(424, 49, 1),
(424, 87, 3),
(424, 110, 3),
(424, 133, 4),
(424, 137, 4),
(424, 243, 5),
(424, 245, 1),
(425, 33, 1),
(425, 39, 4),
(425, 44, 2),
(425, 50, 5),
(425, 67, 3),
(425, 98, 2),
(425, 111, 5),
(425, 134, 3),
(425, 197, 2),
(425, 219, 4),
(426, 58, 3),
(426, 94, 2),
(426, 104, 1),
(426, 137, 4),
(426, 138, 3),
(426, 171, 5),
(426, 218, 1),
(426, 234, 4),
(427, 64, 5),
(427, 91, 3),
(427, 92, 4),
(427, 109, 4),
(427, 147, 1),
(427, 157, 5),
(427, 185, 2),
(427, 208, 4),
(428, 5, 5),
(428, 46, 2),
(428, 70, 5),
(428, 76, 1),
(428, 122, 4),
(428, 134, 1),
(428, 184, 2),
(428, 188, 4),
(429, 74, 4),
(429, 91, 2),
(429, 170, 2),
(429, 178, 1),
(429, 241, 5),
(430, 5, 5),
(430, 30, 4),
(430, 79, 1),
(430, 82, 5),
(430, 204, 5);

-- --------------------------------------------------------

--
-- Structure de la table `orders`
--

DROP TABLE IF EXISTS `orders`;
CREATE TABLE IF NOT EXISTS `orders` (
  `ord_id` int(10) unsigned NOT NULL AUTO_INCREMENT,
  `ord_date` char(10) DEFAULT NULL,
  `ord_payment` varchar(15) DEFAULT NULL,
  `ord_cust_id` int(10) unsigned NOT NULL,
  PRIMARY KEY (`ord_id`,`ord_cust_id`),
  UNIQUE KEY `id_UNIQUE` (`ord_id`),
  KEY `fk_order_customer1_idx` (`ord_cust_id`)
) ENGINE=InnoDB  DEFAULT CHARSET=utf8 AUTO_INCREMENT=431 ;

--
-- Vider la table avant d'insérer `orders`
--

TRUNCATE TABLE `orders`;
--
-- Contenu de la table `orders`
--

INSERT INTO `orders` (`ord_id`, `ord_date`, `ord_payment`, `ord_cust_id`) VALUES
(1, '28/08/2017', 'Paypal', 124),
(2, '13/09/2017', 'Visa', 6),
(3, '01/07/2017', 'MasterCard', 70),
(4, '11/07/2017', 'DigiCash', 1),
(5, '17/04/2017', 'Paypal', 183),
(6, '23/05/2017', 'Visa', 280),
(7, '03/10/2017', 'MasterCard', 199),
(8, '28/09/2017', 'DigiCash', 142),
(9, '02/12/2017', 'Paypal', 170),
(10, '03/04/2017', 'Visa', 124),
(11, '10/12/2017', 'MasterCard', 6),
(12, '30/03/2017', 'DigiCash', 70),
(13, '07/03/2017', 'Paypal', 1),
(14, '10/08/2017', 'Visa', 183),
(15, '02/10/2017', 'MasterCard', 280),
(16, '26/10/2017', 'DigiCash', 199),
(17, '04/10/2017', 'Paypal', 142),
(18, '14/03/2017', 'Visa', 170),
(19, '26/06/2017', 'MasterCard', 124),
(20, '20/05/2017', 'DigiCash', 6),
(21, '12/10/2017', 'Paypal', 70),
(22, '25/08/2017', 'Visa', 1),
(23, '08/05/2017', 'MasterCard', 183),
(24, '17/11/2017', 'DigiCash', 280),
(25, '07/10/2017', 'Paypal', 199),
(26, '07/11/2017', 'Visa', 142),
(27, '16/02/2017', 'MasterCard', 170),
(28, '05/08/2017', 'DigiCash', 124),
(29, '24/01/2017', 'Paypal', 6),
(30, '08/09/2017', 'Visa', 70),
(31, '29/08/2017', 'MasterCard', 1),
(32, '10/12/2017', 'DigiCash', 183),
(33, '23/08/2017', 'Paypal', 280),
(34, '05/10/2017', 'Visa', 199),
(35, '23/02/2017', 'MasterCard', 142),
(36, '10/09/2017', 'DigiCash', 170),
(37, '21/01/2017', 'Paypal', 124),
(38, '25/03/2017', 'Visa', 6),
(39, '21/03/2017', 'MasterCard', 70),
(40, '26/01/2017', 'DigiCash', 1),
(41, '29/11/2017', 'Paypal', 183),
(42, '15/09/2017', 'Visa', 280),
(43, '06/07/2017', 'MasterCard', 199),
(44, '19/11/2017', 'DigiCash', 142),
(45, '14/02/2017', 'Paypal', 170),
(46, '19/09/2017', 'Visa', 70),
(47, '03/01/2017', 'MasterCard', 1),
(48, '31/07/2017', 'DigiCash', 183),
(49, '23/02/2017', 'Paypal', 280),
(50, '24/06/2017', 'Visa', 199),
(51, '03/03/2017', 'MasterCard', 142),
(52, '28/04/2017', 'DigiCash', 170),
(53, '22/07/2017', 'Paypal', 280),
(54, '15/10/2017', 'Visa', 199),
(55, '08/11/2017', 'MasterCard', 142),
(56, '12/09/2017', 'DigiCash', 170),
(57, '10/07/2017', 'Paypal', 199),
(58, '08/06/2017', 'Visa', 142),
(59, '04/03/2017', 'MasterCard', 170),
(60, '04/03/2017', 'DigiCash', 142),
(61, '28/06/2017', 'Paypal', 170),
(62, '18/01/2017', 'Visa', 170),
(63, '03/09/2017', 'MasterCard', 170),
(64, '21/05/2017', 'DigiCash', 170),
(65, '14/01/2017', 'Paypal', 170),
(66, '31/03/2017', 'Visa', 113),
(67, '07/06/2017', 'MasterCard', 177),
(68, '16/02/2017', 'DigiCash', 289),
(69, '01/06/2017', 'Paypal', 72),
(70, '25/03/2017', 'Visa', 142),
(71, '19/04/2017', 'MasterCard', 114),
(72, '19/08/2017', 'DigiCash', 216),
(73, '05/07/2017', 'Paypal', 70),
(74, '11/06/2017', 'Visa', 265),
(75, '08/02/2017', 'MasterCard', 3),
(76, '04/09/2017', 'DigiCash', 286),
(77, '10/11/2017', 'Paypal', 103),
(78, '08/01/2017', 'Visa', 169),
(79, '14/12/2016', 'MasterCard', 98),
(80, '27/09/2017', 'DigiCash', 22),
(81, '19/11/2017', 'Paypal', 11),
(82, '24/08/2017', 'Visa', 90),
(83, '02/08/2017', 'MasterCard', 276),
(84, '05/10/2017', 'DigiCash', 191),
(85, '17/03/2017', 'Paypal', 27),
(86, '14/03/2017', 'Visa', 75),
(87, '22/06/2017', 'MasterCard', 25),
(88, '16/12/2016', 'DigiCash', 233),
(89, '30/07/2017', 'Paypal', 240),
(90, '03/09/2017', 'Visa', 86),
(91, '03/07/2017', 'MasterCard', 288),
(92, '25/02/2017', 'DigiCash', 294),
(93, '27/11/2017', 'Paypal', 221),
(94, '06/02/2017', 'Visa', 218),
(95, '19/09/2017', 'MasterCard', 217),
(96, '25/04/2017', 'DigiCash', 297),
(97, '10/12/2017', 'Paypal', 74),
(98, '10/02/2017', 'Visa', 69),
(99, '13/04/2017', 'MasterCard', 122),
(100, '05/06/2017', 'DigiCash', 152),
(101, '06/12/2017', 'Paypal', 150),
(102, '14/10/2017', 'Visa', 74),
(103, '07/09/2017', 'MasterCard', 230),
(104, '10/02/2017', 'DigiCash', 208),
(105, '01/12/2017', 'Paypal', 123),
(106, '07/03/2017', 'Visa', 131),
(107, '09/07/2017', 'MasterCard', 17),
(108, '13/01/2017', 'DigiCash', 5),
(109, '27/09/2017', 'Paypal', 130),
(110, '03/12/2017', 'Visa', 23),
(111, '27/02/2017', 'MasterCard', 22),
(112, '08/10/2017', 'DigiCash', 252),
(113, '21/11/2017', 'Paypal', 88),
(114, '21/01/2017', 'Visa', 58),
(115, '12/10/2017', 'MasterCard', 98),
(116, '13/11/2017', 'DigiCash', 170),
(117, '26/10/2017', 'Paypal', 120),
(118, '05/04/2017', 'Visa', 142),
(119, '26/09/2017', 'MasterCard', 107),
(120, '14/12/2016', 'DigiCash', 186),
(121, '17/08/2017', 'Paypal', 236),
(122, '09/10/2017', 'Visa', 4),
(123, '14/12/2016', 'MasterCard', 113),
(124, '23/01/2017', 'DigiCash', 177),
(125, '03/07/2017', 'Paypal', 289),
(126, '05/07/2017', 'Visa', 72),
(127, '27/07/2017', 'MasterCard', 142),
(128, '27/12/2016', 'DigiCash', 114),
(129, '22/10/2017', 'Paypal', 216),
(130, '11/06/2017', 'Visa', 70),
(131, '18/08/2017', 'MasterCard', 265),
(132, '28/08/2017', 'DigiCash', 3),
(133, '29/03/2017', 'Paypal', 286),
(134, '25/02/2017', 'Visa', 103),
(135, '03/02/2017', 'MasterCard', 169),
(136, '09/12/2017', 'DigiCash', 98),
(137, '24/08/2017', 'Paypal', 22),
(138, '02/12/2017', 'Visa', 11),
(139, '06/10/2017', 'MasterCard', 90),
(140, '11/09/2017', 'DigiCash', 276),
(141, '24/04/2017', 'Paypal', 191),
(142, '07/06/2017', 'Visa', 27),
(143, '09/11/2017', 'MasterCard', 75),
(144, '18/11/2017', 'DigiCash', 25),
(145, '25/11/2017', 'Paypal', 233),
(146, '10/12/2017', 'Visa', 240),
(147, '06/07/2017', 'MasterCard', 86),
(148, '31/03/2017', 'DigiCash', 288),
(149, '21/04/2017', 'Paypal', 294),
(150, '04/02/2017', 'Visa', 221),
(151, '23/05/2017', 'MasterCard', 218),
(152, '07/03/2017', 'DigiCash', 217),
(153, '14/04/2017', 'Paypal', 297),
(154, '09/07/2017', 'Visa', 74),
(155, '17/01/2017', 'MasterCard', 69),
(156, '27/09/2017', 'DigiCash', 122),
(157, '05/06/2017', 'Paypal', 152),
(158, '29/10/2017', 'Visa', 150),
(159, '19/12/2016', 'MasterCard', 74),
(160, '04/08/2017', 'DigiCash', 230),
(161, '09/01/2017', 'Paypal', 208),
(162, '09/08/2017', 'Visa', 123),
(163, '28/12/2016', 'MasterCard', 131),
(164, '21/03/2017', 'DigiCash', 17),
(165, '01/05/2017', 'Paypal', 5),
(166, '18/06/2017', 'Visa', 130),
(167, '09/04/2017', 'MasterCard', 23),
(168, '16/09/2017', 'DigiCash', 22),
(169, '04/02/2017', 'Paypal', 252),
(170, '15/08/2017', 'Visa', 88),
(171, '30/05/2017', 'MasterCard', 58),
(172, '24/07/2017', 'DigiCash', 98),
(173, '06/01/2017', 'Paypal', 170),
(174, '14/10/2017', 'Visa', 120),
(175, '10/03/2017', 'MasterCard', 142),
(176, '01/09/2017', 'DigiCash', 107),
(177, '15/08/2017', 'Paypal', 186),
(178, '13/03/2017', 'Visa', 236),
(179, '23/05/2017', 'MasterCard', 4),
(180, '16/05/2017', 'DigiCash', 113),
(181, '14/04/2017', 'Paypal', 177),
(182, '21/07/2017', 'Visa', 289),
(183, '13/09/2017', 'MasterCard', 72),
(184, '18/09/2017', 'DigiCash', 142),
(185, '29/01/2017', 'Paypal', 114),
(186, '03/08/2017', 'Visa', 216),
(187, '07/09/2017', 'MasterCard', 70),
(188, '21/04/2017', 'DigiCash', 265),
(189, '18/02/2017', 'Paypal', 3),
(190, '01/02/2017', 'Visa', 286),
(191, '01/12/2017', 'MasterCard', 103),
(192, '05/06/2017', 'DigiCash', 169),
(193, '26/11/2017', 'Paypal', 98),
(194, '10/01/2017', 'Visa', 22),
(195, '13/09/2017', 'MasterCard', 11),
(196, '17/03/2017', 'DigiCash', 90),
(197, '11/12/2017', 'Paypal', 276),
(198, '14/02/2017', 'Visa', 191),
(199, '18/06/2017', 'MasterCard', 27),
(200, '10/08/2017', 'DigiCash', 75),
(201, '03/05/2017', 'Paypal', 25),
(202, '27/12/2016', 'Visa', 233),
(203, '10/01/2017', 'MasterCard', 240),
(204, '19/11/2017', 'DigiCash', 86),
(205, '30/07/2017', 'Paypal', 288),
(206, '02/12/2017', 'Visa', 294),
(207, '19/04/2017', 'MasterCard', 221),
(208, '23/01/2017', 'DigiCash', 218),
(209, '04/07/2017', 'Paypal', 217),
(210, '01/03/2017', 'Visa', 297),
(211, '26/04/2017', 'MasterCard', 74),
(212, '04/01/2017', 'DigiCash', 69),
(213, '28/10/2017', 'Paypal', 122),
(214, '12/01/2017', 'Visa', 152),
(215, '14/08/2017', 'MasterCard', 150),
(216, '18/01/2017', 'DigiCash', 74),
(217, '02/09/2017', 'Paypal', 230),
(218, '20/06/2017', 'Visa', 208),
(219, '03/09/2017', 'MasterCard', 123),
(220, '04/06/2017', 'DigiCash', 131),
(221, '10/05/2017', 'Paypal', 17),
(222, '29/04/2017', 'Visa', 5),
(223, '15/04/2017', 'MasterCard', 130),
(224, '04/02/2017', 'DigiCash', 23),
(225, '07/10/2017', 'Paypal', 22),
(226, '25/08/2017', 'Visa', 252),
(227, '08/11/2017', 'MasterCard', 88),
(228, '24/09/2017', 'DigiCash', 58),
(229, '24/04/2017', 'Paypal', 98),
(230, '28/11/2017', 'Visa', 170),
(231, '13/06/2017', 'MasterCard', 120),
(232, '31/05/2017', 'DigiCash', 142),
(233, '20/12/2016', 'Paypal', 107),
(234, '09/03/2017', 'Visa', 186),
(235, '22/07/2017', 'MasterCard', 236),
(236, '16/02/2017', 'DigiCash', 4),
(237, '10/05/2017', 'Paypal', 81),
(238, '29/08/2017', 'Visa', 105),
(239, '15/04/2017', 'MasterCard', 271),
(240, '17/11/2017', 'DigiCash', 200),
(241, '28/07/2017', 'Paypal', 104),
(242, '17/08/2017', 'Visa', 70),
(243, '22/08/2017', 'MasterCard', 275),
(244, '04/12/2017', 'DigiCash', 236),
(245, '12/08/2017', 'Paypal', 44),
(246, '09/05/2017', 'Visa', 261),
(247, '11/12/2017', 'MasterCard', 268),
(248, '26/08/2017', 'DigiCash', 131),
(249, '03/08/2017', 'Paypal', 60),
(250, '17/12/2016', 'Visa', 32),
(251, '03/12/2017', 'MasterCard', 178),
(252, '14/12/2016', 'DigiCash', 168),
(253, '25/08/2017', 'Paypal', 70),
(254, '26/05/2017', 'Visa', 110),
(255, '18/07/2017', 'MasterCard', 156),
(256, '26/04/2017', 'DigiCash', 207),
(257, '12/02/2017', 'Paypal', 23),
(258, '19/02/2017', 'Visa', 287),
(259, '25/11/2017', 'MasterCard', 254),
(260, '25/06/2017', 'DigiCash', 279),
(261, '05/05/2017', 'Paypal', 195),
(262, '22/06/2017', 'Visa', 175),
(263, '29/06/2017', 'MasterCard', 71),
(264, '18/11/2017', 'DigiCash', 206),
(265, '07/08/2017', 'Paypal', 68),
(266, '04/05/2017', 'Visa', 128),
(267, '02/02/2017', 'MasterCard', 49),
(268, '06/12/2017', 'DigiCash', 241),
(269, '29/10/2017', 'Paypal', 16),
(270, '20/11/2017', 'Visa', 135),
(271, '01/12/2017', 'MasterCard', 183),
(272, '08/06/2017', 'DigiCash', 192),
(273, '02/12/2017', 'Paypal', 83),
(274, '15/10/2017', 'Visa', 94),
(275, '27/08/2017', 'MasterCard', 37),
(276, '08/07/2017', 'DigiCash', 127),
(277, '27/08/2017', 'Paypal', 194),
(278, '12/12/2016', 'Visa', 85),
(279, '15/06/2017', 'MasterCard', 295),
(280, '23/07/2017', 'DigiCash', 95),
(281, '02/01/2017', 'Paypal', 218),
(282, '27/09/2017', 'Visa', 63),
(283, '05/08/2017', 'MasterCard', 159),
(284, '24/01/2017', 'DigiCash', 162),
(285, '26/07/2017', 'Paypal', 3),
(286, '03/01/2017', 'Visa', 281),
(287, '12/11/2017', 'MasterCard', 100),
(288, '10/08/2017', 'DigiCash', 46),
(289, '17/10/2017', 'Paypal', 126),
(290, '15/09/2017', 'Visa', 37),
(291, '29/04/2017', 'MasterCard', 81),
(292, '30/06/2017', 'DigiCash', 105),
(293, '31/05/2017', 'Paypal', 271),
(294, '03/07/2017', 'Visa', 200),
(295, '12/06/2017', 'MasterCard', 104),
(296, '03/03/2017', 'DigiCash', 70),
(297, '05/11/2017', 'Paypal', 275),
(298, '10/04/2017', 'Visa', 236),
(299, '07/03/2017', 'MasterCard', 44),
(300, '16/01/2017', 'DigiCash', 261),
(301, '27/02/2017', 'Paypal', 268),
(302, '12/12/2016', 'Visa', 131),
(303, '02/10/2017', 'MasterCard', 60),
(304, '13/12/2016', 'DigiCash', 32),
(305, '30/10/2017', 'Paypal', 178),
(306, '06/10/2017', 'Visa', 168),
(307, '14/11/2017', 'MasterCard', 70),
(308, '11/06/2017', 'DigiCash', 110),
(309, '17/02/2017', 'Paypal', 156),
(310, '20/11/2017', 'Visa', 207),
(311, '24/11/2017', 'MasterCard', 23),
(312, '26/03/2017', 'DigiCash', 287),
(313, '09/06/2017', 'Paypal', 254),
(314, '26/03/2017', 'Visa', 279),
(315, '23/12/2016', 'MasterCard', 195),
(316, '13/12/2016', 'DigiCash', 175),
(317, '21/10/2017', 'Paypal', 71),
(318, '06/06/2017', 'Visa', 206),
(319, '25/01/2017', 'MasterCard', 68),
(320, '15/05/2017', 'DigiCash', 128),
(321, '30/10/2017', 'Paypal', 49),
(322, '13/08/2017', 'Visa', 241),
(323, '04/02/2017', 'MasterCard', 16),
(324, '15/02/2017', 'DigiCash', 135),
(325, '26/07/2017', 'Paypal', 183),
(326, '12/05/2017', 'Visa', 192),
(327, '05/08/2017', 'MasterCard', 83),
(328, '02/11/2017', 'DigiCash', 94),
(329, '23/08/2017', 'Paypal', 37),
(330, '16/03/2017', 'Visa', 127),
(331, '15/11/2017', 'MasterCard', 194),
(332, '05/12/2017', 'DigiCash', 85),
(333, '27/06/2017', 'Paypal', 295),
(334, '20/02/2017', 'Visa', 95),
(335, '10/12/2017', 'MasterCard', 218),
(336, '12/06/2017', 'DigiCash', 63),
(337, '06/06/2017', 'Paypal', 159),
(338, '06/03/2017', 'Visa', 162),
(339, '20/07/2017', 'MasterCard', 3),
(340, '09/04/2017', 'DigiCash', 281),
(341, '28/02/2017', 'Paypal', 100),
(342, '14/12/2016', 'Visa', 46),
(343, '11/03/2017', 'MasterCard', 126),
(344, '12/06/2017', 'DigiCash', 37),
(345, '10/07/2017', 'Paypal', 271),
(346, '29/01/2017', 'Visa', 126),
(347, '26/08/2017', 'MasterCard', 130),
(348, '02/06/2017', 'DigiCash', 99),
(349, '19/05/2017', 'Paypal', 204),
(350, '10/06/2017', 'Visa', 220),
(351, '02/07/2017', 'MasterCard', 122),
(352, '25/06/2017', 'DigiCash', 245),
(353, '20/01/2017', 'Paypal', 23),
(354, '02/04/2017', 'Visa', 88),
(355, '08/05/2017', 'MasterCard', 124),
(356, '12/04/2017', 'DigiCash', 25),
(357, '06/02/2017', 'Paypal', 65),
(358, '08/03/2017', 'Visa', 221),
(359, '16/06/2017', 'MasterCard', 19),
(360, '07/06/2017', 'DigiCash', 81),
(361, '05/10/2017', 'Paypal', 43),
(362, '28/01/2017', 'Visa', 232),
(363, '28/10/2017', 'MasterCard', 161),
(364, '27/01/2017', 'DigiCash', 132),
(365, '01/01/2017', 'Paypal', 171),
(366, '02/03/2017', 'Visa', 105),
(367, '01/04/2017', 'MasterCard', 121),
(368, '18/07/2017', 'DigiCash', 130),
(369, '09/04/2017', 'Paypal', 128),
(370, '18/08/2017', 'Visa', 268),
(371, '17/08/2017', 'MasterCard', 60),
(372, '12/03/2017', 'DigiCash', 200),
(373, '31/08/2017', 'Paypal', 171),
(374, '10/11/2017', 'Visa', 15),
(375, '16/11/2017', 'MasterCard', 253),
(376, '27/02/2017', 'DigiCash', 114),
(377, '02/11/2017', 'Paypal', 176),
(378, '18/10/2017', 'Visa', 17),
(379, '06/02/2017', 'MasterCard', 167),
(380, '09/09/2017', 'DigiCash', 145),
(381, '31/12/2016', 'Paypal', 133),
(382, '07/10/2017', 'Visa', 133),
(383, '18/02/2017', 'MasterCard', 50),
(384, '28/02/2017', 'DigiCash', 213),
(385, '10/06/2017', 'Paypal', 273),
(386, '13/06/2017', 'Visa', 240),
(387, '25/05/2017', 'MasterCard', 276),
(388, '07/07/2017', 'DigiCash', 232),
(389, '25/03/2017', 'Paypal', 161),
(390, '22/04/2017', 'Visa', 249),
(391, '27/09/2017', 'MasterCard', 63),
(392, '01/01/2017', 'DigiCash', 183),
(393, '05/04/2017', 'Paypal', 112),
(394, '05/05/2017', 'Visa', 63),
(395, '03/10/2017', 'MasterCard', 195),
(396, '18/06/2017', 'DigiCash', 42),
(397, '15/06/2017', 'Paypal', 211),
(398, '26/06/2017', 'Visa', 263),
(399, '15/06/2017', 'MasterCard', 173),
(400, '30/04/2017', 'DigiCash', 49),
(401, '23/10/2017', 'Paypal', 33),
(402, '05/10/2017', 'Visa', 66),
(403, '27/10/2017', 'MasterCard', 79),
(404, '25/11/2017', 'DigiCash', 124),
(405, '23/09/2017', 'Paypal', 74),
(406, '08/11/2017', 'Visa', 202),
(407, '07/01/2017', 'MasterCard', 80),
(408, '17/04/2017', 'DigiCash', 30),
(409, '06/09/2017', 'Paypal', 10),
(410, '01/07/2017', 'Visa', 1),
(411, '09/07/2017', 'MasterCard', 269),
(412, '10/03/2017', 'DigiCash', 84),
(413, '10/12/2017', 'Paypal', 27),
(414, '10/10/2017', 'Visa', 283),
(415, '14/03/2017', 'MasterCard', 99),
(416, '19/01/2017', 'DigiCash', 206),
(417, '01/01/2017', 'Paypal', 112),
(418, '10/08/2017', 'Visa', 183),
(419, '25/11/2017', 'MasterCard', 35),
(420, '29/11/2017', 'DigiCash', 17),
(421, '11/07/2017', 'Paypal', 288),
(422, '11/04/2017', 'Visa', 237),
(423, '06/08/2017', 'MasterCard', 257),
(424, '22/10/2017', 'DigiCash', 143),
(425, '26/02/2017', 'Paypal', 117),
(426, '25/03/2017', 'Visa', 265),
(427, '04/08/2017', 'MasterCard', 153),
(428, '19/08/2017', 'DigiCash', 183),
(429, '24/05/2017', 'Paypal', 231),
(430, '16/12/2016', 'Visa', 122);

-- --------------------------------------------------------

--
-- Structure de la table `product`
--

DROP TABLE IF EXISTS `product`;
CREATE TABLE IF NOT EXISTS `product` (
  `prod_id` int(10) unsigned NOT NULL AUTO_INCREMENT,
  `prod_name` varchar(45) DEFAULT NULL,
  `prod_description` varchar(255) DEFAULT NULL,
  `prod_price` float unsigned DEFAULT NULL,
  `prod_stock` int(10) unsigned DEFAULT NULL,
  `prod_vat` int(11) DEFAULT NULL,
  `prod_cat_id` int(10) unsigned NOT NULL,
  PRIMARY KEY (`prod_id`,`prod_cat_id`),
  KEY `fk_product_category1_idx` (`prod_cat_id`)
) ENGINE=InnoDB  DEFAULT CHARSET=utf8 AUTO_INCREMENT=253 ;

--
-- Vider la table avant d'insérer `product`
--

TRUNCATE TABLE `product`;
--
-- Contenu de la table `product`
--

INSERT INTO `product` (`prod_id`, `prod_name`, `prod_description`, `prod_price`, `prod_stock`, `prod_vat`, `prod_cat_id`) VALUES
(1, 'Aguachile', 'Aguachile', 15.17, 9, 3, 1),
(2, 'Bolillos (salty bread)', 'Bolillos (salty bread)', 16.17, 1, 3, 1),
(3, 'Burrito', 'Burrito', 1.26, 3, 3, 1),
(4, 'Camote (Mexican sweet potato)', 'Camote (Mexican sweet potato)', 5.8, 7, 3, 1),
(5, 'Cemitas sandwiches', 'Cemitas sandwiches', 9.82, 1, 3, 1),
(6, 'Ceviche', 'Ceviche', 15.93, 9, 3, 1),
(7, 'Chalupa', 'Chalupa', 4.88, 13, 3, 1),
(8, 'Chapulines and escamoles', 'Chapulines and escamoles', 13.19, 18, 3, 1),
(9, 'Charales', 'Charales, small fish, basically a type of smelt', 4, 13, 3, 1),
(10, 'Chicharrón', 'Chicharrón', 8.32, 5, 3, 1),
(11, 'Chilaquiles', 'Chilaquiles', 3.14, 1, 3, 1),
(12, 'Chimichangas (Tex-Mex mostly)', 'Chimichangas (Tex-Mex mostly)', 8.83, 1, 3, 1),
(13, 'Choriqueso', 'Choriqueso', 13.38, 6, 3, 1),
(14, 'Chorizo', 'Chorizo', 19.43, 5, 3, 1),
(15, 'Cochinita pibil', 'Cochinita pibil', 3.88, 8, 3, 1),
(16, 'Cocido', 'Cocido', 11.74, 11, 3, 1),
(17, 'Cóctel de camarón and other seafood cocktails', 'Cóctel de camarón and other seafood cocktails', 1.4, 4, 3, 1),
(18, 'Corunda', 'Corunda', 3.3, 7, 3, 1),
(19, 'Curtido', 'Curtido', 13.86, 6, 3, 1),
(20, 'Elote', 'Elote', 11.38, 16, 3, 1),
(21, 'Enchilada (red or green)', 'Enchilada (red or green)', 2.91, 15, 3, 1),
(22, 'Enfrijoladas', 'Enfrijoladas', 11.14, 13, 3, 1),
(23, 'Ensalada de fruta (fruit salad)', 'Ensalada de fruta (fruit salad)', 14.44, 7, 3, 1),
(24, 'Entomatadas', 'Entomatadas', 10.74, 9, 3, 1),
(25, 'Fajitas', 'Fajitas', 0.82, 3, 3, 1),
(26, 'Filete de pescado', 'Filete de pescado', 12.91, 17, 3, 1),
(27, 'Flautas', 'Flautas', 5.16, 11, 3, 1),
(28, 'Frijoles charros', 'Frijoles charros', 15.39, 19, 3, 1),
(29, 'Fritada', 'Fritada', 5.66, 2, 3, 1),
(30, 'Gorditas', 'Gorditas', 8.76, 1, 3, 1),
(31, 'Gringas', 'Gringas', 18.99, 18, 3, 1),
(32, 'Huauzontles', 'Huauzontles', 11.53, 4, 3, 1),
(33, 'Huaraches', 'Huaraches', 16.33, 8, 3, 1),
(34, 'Jicama', 'Jicama', 6.08, 1, 3, 1),
(35, 'Jocoque', 'Jocoque', 0.61, 4, 3, 1),
(36, 'Lengua', 'Lengua', 17.07, 12, 3, 1),
(37, 'Lentil soup (lentil beans)', 'Lentil soup (lentil beans)', 10.9, 10, 3, 1),
(38, 'Longaniza', 'Longaniza', 3.35, 2, 3, 1),
(39, 'Machaca', 'Machaca', 1.86, 6, 3, 1),
(40, 'Mancha manteles', 'Mancha manteles', 11.03, 19, 3, 1),
(41, 'Memela', 'Memela', 18.84, 19, 3, 1),
(42, 'Menudo', 'Menudo', 3.65, 20, 3, 1),
(43, 'Mixiotes', 'Mixiotes', 16.43, 9, 3, 1),
(44, 'Mole de olla', 'Mole de olla', 15.06, 16, 3, 1),
(45, 'Mole poblano', 'Mole poblano', 5.75, 8, 3, 1),
(46, 'Molletes', 'Molletes', 19.55, 5, 3, 1),
(47, 'Molotes', 'Molotes', 14.54, 17, 3, 1),
(48, 'Moronga', 'Moronga', 12.2, 15, 3, 1),
(49, 'Nachos', 'Nachos', 17.62, 2, 3, 1),
(50, 'Pambazos', 'Pambazos', 13.4, 18, 3, 1),
(51, 'Panucho', 'Panucho', 12.58, 2, 3, 1),
(52, 'Papadzules', 'Papadzules', 18.41, 12, 3, 1),
(53, 'Parilladas', 'Parilladas', 11.99, 14, 3, 1),
(54, 'Pastel azteca', 'Pastel azteca', 19.69, 13, 3, 1),
(55, 'Pejelagarto', 'Pejelagarto', 14.87, 13, 3, 1),
(56, 'Picadillo', 'Picadillo', 9.42, 16, 3, 1),
(57, 'Quesadillas', 'Quesadillas', 5, 13, 3, 1),
(58, 'Queso', 'Queso', 7.05, 18, 3, 1),
(59, 'Rajas con crema', 'Rajas con crema', 16.93, 14, 3, 1),
(60, 'Romeritos', 'Romeritos', 11.23, 12, 3, 1),
(61, 'Salbutes', 'Salbutes', 0.58, 10, 3, 1),
(62, 'Salsa', 'Salsa', 3.6, 1, 3, 1),
(63, 'Sincronizadas', 'Sincronizadas', 9.73, 8, 3, 1),
(64, 'Sopes', 'Sopes', 11.47, 4, 3, 1),
(65, 'Sopa de albondiga (meatball soup)', 'Sopa de albondiga (meatball soup)', 17.75, 8, 3, 1),
(66, 'Tacos', 'Tacos', 0.15, 19, 3, 1),
(67, 'Taco al pastor', 'Taco al pastor', 6.21, 12, 3, 1),
(68, 'Tamales', 'Tamales', 16.88, 1, 3, 1),
(69, 'Taquitos', 'Taquitos', 6.93, 1, 3, 1),
(70, 'Tlacoyos', 'Tlacoyos', 6.22, 8, 3, 1),
(71, 'Tlayudas', 'Tlayudas', 0.03, 8, 3, 1),
(72, 'Tortas (sandwiches)', 'Tortas (sandwiches)', 5.66, 8, 3, 1),
(73, 'Tortillas', 'Tortillas', 15.31, 2, 3, 1),
(74, 'Tostadas', 'Tostadas', 11.2, 18, 3, 1),
(75, 'Totopo', 'Totopo', 3.08, 10, 3, 1),
(76, 'Tripas', 'Tripas', 15.54, 9, 3, 1),
(77, 'Venado (venison), particularly in the Yucatan', 'Venado (venison), particularly in the Yucatan', 14.92, 6, 3, 1),
(78, 'Yuca (cassava)', 'Yuca (cassava)', 15.43, 9, 3, 1),
(79, 'Caldo de queso', 'Caldo de queso', 16.85, 0, 3, 2),
(80, 'Queso de cuajo', 'Queso de cuajo', 3.12, 12, 3, 2),
(81, 'Queso flameado', 'Queso flameado', 16.16, 9, 3, 2),
(82, 'Huevos rancheros', 'Huevos rancheros', 8.83, 4, 3, 3),
(83, 'Huevos divorciados', 'Huevos divorciados', 8.8, 15, 3, 3),
(84, 'Huevos motuleños', 'Huevos motuleños', 4.46, 6, 3, 3),
(85, 'Huevos rancheros', 'Huevos rancheros', 19.92, 12, 3, 3),
(86, 'Albóndigas, Mexican meatballs.', 'Albóndigas, Mexican meatballs.', 18.31, 17, 3, 4),
(87, 'Aporreadillo', 'Aporreadillo', 4.48, 19, 3, 4),
(88, 'Bistec', 'Bistec', 0.1, 10, 3, 4),
(89, 'Carne asada, grilled beef', 'Carne asada, grilled beef', 19.21, 18, 3, 4),
(90, 'Carne guisada, stewed beef in spiced gravy', 'Carne guisada, stewed beef in spiced gravy', 1.04, 8, 3, 4),
(91, 'Carne a la tampiqueña', 'Carne a la tampiqueña, carne asada that is usually accompanied by a small portion of enchiladas (or chilaquiles), refried beans, fresh cheese, guacamole, and a vegetable (often rajas; grilled slices of Poblano peppers).', 4.93, 17, 3, 4),
(92, 'Cecina', 'Cecina – In Mexico, most cecina is of two kinds: sheets of marinated beef, and a pork cut that is pounded thin and coated with chili pepper (this type is called cecina enchilada or carne enchilada).', 10.95, 18, 3, 4),
(93, 'Milanesas', 'Milanesas – Chicken, beef, and a pork breaded fried bisteces.', 10.48, 18, 3, 4),
(94, 'Cabrito', 'Cabrito', 18.39, 12, 3, 4),
(95, 'Calabacitas con puerco', 'Calabacitas con puerco', 18.23, 0, 3, 4),
(96, 'Carnitas', 'Carnitas', 14.7, 12, 3, 4),
(97, 'Chilorio', 'Chilorio', 5.08, 16, 3, 4),
(98, 'Chorizo', 'Chorizo', 6.52, 8, 3, 4),
(99, 'Cochinita pibil', 'Cochinita pibil', 19.18, 19, 3, 4),
(100, 'Poc Chuc', 'Poc Chuc', 14.55, 16, 3, 4),
(101, 'Pollo asado', 'Pollo asado', 16.62, 12, 3, 5),
(102, 'Pollo Encacahuatado', 'Pollo Encacahuatado', 10.45, 9, 3, 5),
(103, 'Pollo motuleños', 'Pollo motuleños', 15.18, 10, 3, 5),
(104, 'Pollo picado', 'Pollo picado', 16.78, 11, 3, 5),
(105, 'Pollo rostizado', 'Pollo rostizado', 8.52, 19, 3, 5),
(106, 'Ancas de Rana', 'Ancas de Rana', 12.96, 14, 3, 5),
(107, 'Barbacoa', 'Barbacoa', 10.5, 18, 3, 5),
(108, 'Birria', 'Birria – a spicy stew from the state of Jalisco traditionally made from goat meat or mutton', 1.53, 14, 3, 5),
(109, 'Pastel azteca', 'Pastel azteca', 11.92, 7, 3, 5),
(110, 'Puntas', 'Puntas', 8.16, 17, 3, 5),
(111, 'Queso de Puerco', 'Queso de Puerco, head cheese prepared with vinegar, garlic, oregano and black pepper, among others.', 15.69, 11, 3, 5),
(112, 'Barbacoa', 'Barbacoa', 3.24, 8, 3, 5),
(113, 'Chapulines', 'Chapulines – toasted grasshoppers', 13.74, 6, 3, 5),
(114, 'Puntas', 'Puntas', 10.2, 6, 3, 5),
(115, 'Chamoy', 'Chamoy', 19.15, 16, 3, 6),
(116, 'Guacamole', 'Guacamole', 12.61, 14, 3, 6),
(117, 'Mole blanco', 'Mole blanco', 7.18, 8, 3, 6),
(118, 'Mole sauce', 'Mole sauce', 12.35, 16, 3, 6),
(119, 'Mole verde', 'Mole verde', 9.54, 13, 3, 6),
(120, 'Pipian – green or red, meat, pork', 'Pipian – green or red, meat, pork', 5.35, 14, 3, 6),
(121, 'Salsa', 'Salsa', 1.31, 3, 3, 6),
(122, 'Salsa chipotle', 'Salsa chipotle', 11.87, 9, 3, 6),
(123, 'Salsa verde', 'Salsa verde', 2.84, 17, 3, 6),
(124, 'Guacamole with tortilla chips', 'Guacamole with tortilla chips', 16.88, 18, 3, 6),
(125, 'Habanero, chipotle and chimichurrisalsas', 'Habanero, chipotle and chimichurrisalsas', 16.12, 3, 3, 6),
(126, 'Arroz a la tumbada (rice with seafood)', 'Arroz a la tumbada (rice with seafood)', 9.66, 3, 3, 7),
(127, 'Arroz amarillo (yellow rice)', 'Arroz amarillo (yellow rice)', 0.5, 9, 3, 7),
(128, 'Arroz con camarones (rice with shrimp)', 'Arroz con camarones (rice with shrimp)', 2.17, 6, 3, 7),
(129, 'Arroz con huevo (rice with eggs)', 'Arroz con huevo (rice with eggs)', 3.87, 17, 3, 7),
(130, 'Arroz con leche', 'Arroz con leche', 16.43, 7, 3, 7),
(131, 'Arroz con lima (rice with lemon)', 'Arroz con lima (rice with lemon)', 15.4, 17, 3, 7),
(132, 'Arroz con pollo (rice with chicken)', 'Arroz con pollo (rice with chicken)', 12.81, 9, 3, 7),
(133, 'Arroz negro (black rice)', 'Arroz negro (black rice)', 18.14, 1, 3, 7),
(134, 'Arroz poblano', 'Arroz poblano', 9.87, 6, 3, 7),
(135, 'Arroz rojo (red rice)', 'Arroz rojo (red rice)', 9.01, 2, 3, 7),
(136, 'Arroz verde (green rice)', 'Arroz verde (green rice)', 16.35, 18, 3, 7),
(137, 'Morisqueta', 'Morisqueta', 11.66, 15, 3, 7),
(138, 'Seafood dishes[edit]', 'Seafood dishes[edit]', 16.86, 2, 3, 7),
(139, 'Aguachile', 'Aguachile', 18.06, 12, 3, 7),
(140, 'Camarones al Mojo de Ajo', 'Camarones al Mojo de Ajo', 7.8, 7, 3, 7),
(141, 'Huachinango a la Veracruzana', 'Huachinango a la Veracruzana(Veracruz-Style Red Snapper)', 6.19, 11, 3, 7),
(142, 'Pescado zarandeado', 'Pescado zarandeado', 10.11, 11, 3, 7),
(143, 'Birria', 'Birria', 8.12, 5, 3, 8),
(144, 'caldo de pollo, chicken soup', 'caldo de pollo, chicken soup', 9.37, 7, 3, 8),
(145, 'caldo de res, beef soup', 'caldo de res, beef soup', 16.5, 10, 3, 8),
(146, 'caldo de queso, cheese soup', 'caldo de queso, cheese soup', 7.6, 7, 3, 8),
(147, 'caldo de camaron shrimp soup', 'caldo de camaron shrimp soup, typically made from dried shrimp', 3.8, 8, 3, 8),
(148, 'carne en su jugo', 'carne en su jugo, meat and beans in a meat broth', 18.89, 5, 3, 8),
(149, 'caldo de mariscos, seafood soup', 'caldo de mariscos, seafood soup', 4.52, 11, 3, 8),
(150, 'caldo tlalpeño', 'caldo tlalpeño, chicken, broth, chopped avocado, chile chipotle and fried tortilla strips or triangles', 17.97, 1, 3, 8),
(151, 'Chilpachole de jaiba', 'Chilpachole de jaiba', 4.63, 7, 3, 8),
(152, 'Fideos (noodles)', 'Fideos (noodles)', 15.68, 13, 3, 8),
(153, 'Menudo', 'Menudo', 14.31, 0, 3, 8),
(154, 'Pozole', 'Pozole', 10.34, 6, 3, 8),
(155, 'Sopa', 'Sopa, typically pasta flavored with meat or tomato consomme', 7.61, 4, 3, 8),
(156, 'Sopa Azteca', 'Sopa Azteca', 7.93, 2, 3, 8),
(157, 'Sopa de fideo', 'Sopa de fideo', 17.79, 11, 3, 8),
(158, 'Sopa de lima, from Yucatán', 'Sopa de lima, from Yucatán', 6.03, 9, 3, 8),
(159, 'Sopa de nueces, walnut soup', 'Sopa de nueces, walnut soup', 1.35, 15, 3, 8),
(160, 'Sopa de pescado siete mares', 'Sopa de pescado siete mares, a seven-fished bouillabaisse popular in the Gulf of California and Pacific areas', 1.27, 12, 3, 8),
(161, 'Sopa de pollo (chicken soup)', 'Sopa de pollo (chicken soup)', 3.24, 18, 3, 8),
(162, 'Sopa de tortilla (tortilla soup)', 'Sopa de tortilla (tortilla soup)', 14.19, 5, 3, 8),
(163, 'Sopa tarasca', 'Sopa tarasca', 16.01, 13, 3, 8),
(164, 'Chile relleno', 'Chile relleno', 6.77, 16, 3, 9),
(165, 'Chiles en nogada', 'Chiles en nogada', 14.52, 17, 3, 9),
(166, 'Cuitlacoche', 'Cuitlacoche, a fungus that grows on corn plants, often served in soups', 7.14, 4, 3, 9),
(167, 'Frijoles', 'Frijoles', 17.93, 12, 3, 9),
(168, 'Frijoles pintos (pinto beans)', 'Frijoles pintos (pinto beans)', 15.23, 9, 3, 9),
(169, 'Frijoles negros (black beans)', 'Frijoles negros (black beans)', 18.34, 14, 3, 9),
(170, 'Frijoles charros', 'Frijoles charros', 8.45, 0, 3, 9),
(171, 'Frijoles refritos (refried beans)', 'Frijoles refritos (refried beans)', 13.86, 14, 3, 9),
(172, 'Nopalitos', 'Nopalitos', 8.32, 0, 3, 9),
(173, 'Papas (potatoes)', 'Papas (potatoes)', 4.08, 13, 3, 9),
(174, 'Pico de gallo', 'Pico de gallo', 5.82, 9, 3, 9),
(175, 'Alegrías', 'Alegrías', 16.84, 11, 3, 10),
(176, 'Alfajor', 'Alfajor', 11.07, 6, 3, 10),
(177, 'Amaranto', 'Amaranto', 6.3, 8, 3, 10),
(178, 'Arroz con leche, rice pudding', 'Arroz con leche, rice pudding', 0.87, 14, 3, 10),
(179, 'Bionico, a type of fruit salad with cream', 'Bionico, a type of fruit salad with cream', 10.03, 12, 3, 10),
(180, 'Buñuelos', 'Buñuelos', 6.42, 14, 3, 10),
(181, 'Cajeta', 'Cajeta', 0.23, 13, 3, 10),
(182, 'Calavera', 'Calavera', 7.31, 15, 3, 10),
(183, 'Capirotada', 'Capirotada', 2.27, 10, 3, 10),
(184, 'Carlota de limón', 'Carlota de limón', 4.63, 6, 3, 10),
(185, 'Champurrado', 'Champurrado', 9.17, 5, 3, 10),
(186, 'Chongos zamoranos', 'Chongos zamoranos, a milk candy named for its place of origin, Zamora, Michoacán.', 11.82, 9, 3, 10),
(187, 'Chocolate', 'Chocolate', 7.28, 3, 3, 10),
(188, 'Churros', 'Churros', 2.45, 7, 3, 10),
(189, 'Cocadas', 'Cocadas', 7.77, 15, 3, 10),
(190, 'Cochinito de Piloncillo', 'Cochinito de Piloncillo', 9.33, 11, 3, 10),
(191, 'Coyotas', 'Coyotas', 4.17, 13, 3, 10),
(192, 'Crepas de cajeta', 'Crepas de cajeta', 4.29, 18, 3, 10),
(193, 'Dulce de leche', 'Dulce de leche', 1.91, 19, 3, 10),
(194, 'Empanadas', 'Empanadas', 2.21, 12, 3, 10),
(195, 'Flan', 'Flan', 10.23, 19, 3, 10),
(196, 'Fresas con crema', 'Fresas con crema', 5.86, 14, 3, 10),
(197, 'Gelatina', 'Gelatina', 8.24, 6, 3, 10),
(198, 'Glorias', 'Glorias', 12.07, 3, 3, 10),
(199, 'Gorditas de azucar', 'Gorditas de azucar', 0.31, 10, 3, 10),
(200, 'Ice cream (nieves and helados)', 'Ice cream (nieves and helados). Pancho Villa was noted as a devotee of ice cream.', 18.96, 6, 3, 10),
(201, 'Fried ice cream', 'Fried ice cream', 4.03, 17, 3, 10),
(202, 'Jamoncillos', 'Jamoncillos', 9.57, 15, 3, 10),
(203, 'Jarritos', 'Jarritos (spicy tamarindo candy in a tiny pot), as well as a brand of soda', 11.75, 17, 3, 10),
(204, 'Macarrones de dulce de leche', 'Macarrones de dulce de leche', 4.3, 9, 3, 10),
(205, 'Mazapán de Cacahuate', 'Mazapán de Cacahuate', 8.76, 2, 3, 10),
(206, 'Nicuatole', 'Nicuatole', 2.46, 6, 3, 10),
(207, 'Obleas', 'Obleas', 8.15, 13, 3, 10),
(208, 'Paletas, popsicles (or ice lollies)', 'Paletas, popsicles (or ice lollies), the street popsicle vendor is a noted fixture of Mexico''s urban landscape.', 12.78, 5, 3, 10),
(209, 'Pan de Acambaro (Acambaro bread)', 'Pan de Acambaro (Acambaro bread), named for its town of origin, Acambaro, Guanajuato.', 2, 5, 3, 10),
(210, 'Pan de muerto', 'Pan de muerto, sugar covered pieces of bread traditionally eaten at the Día de muertos festivity.', 6.6, 10, 3, 10),
(211, 'Pan de nata', 'Pan de nata', 4.22, 1, 3, 10),
(212, 'Pan dulce', 'Pan dulce, sweet pastries in many shapes and sizes that are very popular for breakfast.', 18.53, 1, 3, 10),
(213, 'Pastel de queso, cheesecake', 'Pastel de queso, cheesecake', 3.49, 11, 3, 10),
(214, 'Pastel de tres leches (Three Milk Cake)', 'Pastel de tres leches (Three Milk Cake)', 16.82, 15, 3, 10),
(215, 'Pepitorias', 'Pepitorias', 8.47, 9, 3, 10),
(216, 'Platano', 'Platano', 13.93, 14, 3, 10),
(217, 'Plátano frito', 'Plátano frito', 4.66, 15, 3, 10),
(218, 'Polvorón', 'Polvorón', 13.94, 18, 3, 10),
(219, 'Rosca de reyes', 'Rosca de reyes', 2.49, 8, 3, 10),
(220, 'Tacuarines, Biscochos, or Coricos', 'Tacuarines, Biscochos, or Coricos', 8.23, 0, 3, 10),
(221, 'Aguas frescas', 'Aguas frescas', 17.57, 1, 3, 11),
(222, 'Atole', 'Atole', 13.69, 7, 3, 11),
(223, 'Café de olla, coffee with cinnamon', 'Café de olla, coffee with cinnamon', 15.16, 6, 3, 11),
(224, 'Chamoyada', 'Chamoyada', 0.94, 4, 3, 11),
(225, 'Champurrado', 'Champurrado', 8.59, 11, 3, 11),
(226, 'Chia Fresca', 'Chia Fresca', 12.44, 15, 3, 11),
(227, 'Chocolate', 'Chocolate, generally known better as a drink rather than a candy or sweet', 1.11, 1, 3, 11),
(228, 'Horchata', 'Horchata', 16.14, 17, 3, 11),
(229, 'Jamaica (drink)', 'Jamaica (drink)', 6.98, 14, 3, 11),
(230, 'Jarritos (drink)', 'Jarritos (drink)', 17.46, 13, 3, 11),
(231, 'Jugos frescos', 'Jugos frescos', 9.63, 6, 3, 11),
(232, 'Lechuguilla', 'Lechuguilla', 14.8, 6, 3, 11),
(233, 'Licuado', 'Licuado, a drink that includes banana, chocolate, and sugar', 5.78, 9, 3, 11),
(234, 'Mangonada', 'Mangonada', 6.16, 6, 3, 11),
(235, 'Mexican Coke', 'Mexican Coke', 15.82, 1, 3, 11),
(236, 'Mexican tea culture', 'Mexican tea culture', 11.62, 12, 3, 11),
(237, 'Pópo', 'Pópo', 7.47, 1, 3, 11),
(238, 'Pozol', 'Pozol', 18.19, 17, 3, 11),
(239, 'Tamarindo', 'Tamarindo', 4.16, 14, 3, 11),
(240, 'Tejate', 'Tejate', 2.65, 7, 3, 11),
(241, 'Bacanora', 'Bacanora', 14.86, 12, 17, 12),
(242, 'Cerveza, Mexican beers such as Sol and Corona', 'Cerveza, Mexican beers such as Sol and Corona', 2.3, 0, 17, 12),
(243, 'Colonche', 'Colonche', 11.33, 11, 17, 12),
(244, 'Mexican wine', 'Mexican wine', 17.48, 17, 17, 12),
(245, 'Mezcal', 'Mezcal', 10.8, 15, 17, 12),
(246, 'Michelada', 'Michelada', 7.74, 6, 17, 12),
(247, 'Pulque, a popular drink of the Aztecs', 'Pulque, a popular drink of the Aztecs', 11.46, 4, 17, 12),
(248, 'Sotol', 'Sotol', 13.01, 16, 17, 12),
(249, 'Tejuino', 'Tejuino', 10.85, 8, 17, 12),
(250, 'Tepache', 'Tepache', 19.4, 13, 17, 12),
(251, 'Tequila', 'Tequila', 7.92, 10, 17, 12),
(252, 'Tubâ', 'Tubâ', 8.11, 14, 17, 12);

-- --------------------------------------------------------

--
-- Structure de la table `role`
--

DROP TABLE IF EXISTS `role`;
CREATE TABLE IF NOT EXISTS `role` (
  `rol_id` int(10) unsigned NOT NULL AUTO_INCREMENT,
  `rol_label` varchar(50) NOT NULL,
  PRIMARY KEY (`rol_id`)
) ENGINE=InnoDB  DEFAULT CHARSET=utf8 AUTO_INCREMENT=3 ;

--
-- Vider la table avant d'insérer `role`
--

TRUNCATE TABLE `role`;
--
-- Contenu de la table `role`
--

INSERT INTO `role` (`rol_id`, `rol_label`) VALUES
(1, 'ROLE_USER'),
(2, 'ROLE_ADMIN');

-- --------------------------------------------------------

--
-- Structure de la table `user`
--

DROP TABLE IF EXISTS `user`;
CREATE TABLE IF NOT EXISTS `user` (
  `usr_id` int(10) unsigned NOT NULL AUTO_INCREMENT,
  `usr_username` varchar(45) NOT NULL,
  `usr_firstname` varchar(45) DEFAULT NULL,
  `usr_lastname` varchar(45) DEFAULT NULL,
  `usr_email` varchar(255) NOT NULL,
  `usr_password` varchar(45) NOT NULL,
  `usr_newsletter` tinyint(4) DEFAULT '0',
  `usr_report` tinyint(4) DEFAULT '0',
  PRIMARY KEY (`usr_id`),
  UNIQUE KEY `id_UNIQUE` (`usr_id`)
) ENGINE=InnoDB  DEFAULT CHARSET=utf8 AUTO_INCREMENT=9 ;

--
-- Vider la table avant d'insérer `user`
--

TRUNCATE TABLE `user`;
--
-- Contenu de la table `user`
--

INSERT INTO `user` (`usr_id`, `usr_username`, `usr_firstname`, `usr_lastname`, `usr_email`, `usr_password`, `usr_newsletter`, `usr_report`) VALUES
(1, 'TAM', 'tamara', 'escalante', 'tam.escalante@gmail.com', 'tam', 1, 1),
(2, 'Michel', 'Michel', 'Magnier', 'michelmagnier@free.fr', '12345678', 1, 1),
(4, 'tamtam', 'tam', 'escalante', 'tam.escalante@gmail.com', 'tam', NULL, NULL),
(5, 'tamtam', 'tam', 'escalante', 'tam.escalante@gmail.com', '123', NULL, NULL),
(6, 'tamtam', 'tam', 'escalante', 'tam.escalante@gmail.com', '123', NULL, NULL),
(7, 'uno', 'uno', 'dos', 'uno@email.com', '123', 0, 0),
(8, 'check', 'prueba', 'user', 'uno@email.com', '123', 0, 0);

-- --------------------------------------------------------

--
-- Structure de la table `users_roles`
--

DROP TABLE IF EXISTS `users_roles`;
CREATE TABLE IF NOT EXISTS `users_roles` (
  `usr_id` int(10) unsigned NOT NULL,
  `rol_id` int(10) unsigned NOT NULL,
  PRIMARY KEY (`usr_id`,`rol_id`),
  KEY `fk_user_has_role_role1_idx` (`rol_id`),
  KEY `fk_user_has_role_user1_idx` (`usr_id`)
) ENGINE=InnoDB DEFAULT CHARSET=utf8;

--
-- Vider la table avant d'insérer `users_roles`
--

TRUNCATE TABLE `users_roles`;
--
-- Contenu de la table `users_roles`
--

INSERT INTO `users_roles` (`usr_id`, `rol_id`) VALUES
(1, 2),
(2, 2),
(4, 2),
(5, 2),
(6, 2),
(7, 2),
(8, 2);

--
-- Contraintes pour les tables exportées
--

--
-- Contraintes pour la table `customer`
--
ALTER TABLE `customer`
  ADD CONSTRAINT `fk_customer_country` FOREIGN KEY (`cust_cou_id`) REFERENCES `country` (`cou_id`) ON DELETE NO ACTION ON UPDATE NO ACTION;

--
-- Contraintes pour la table `orderline`
--
ALTER TABLE `orderline`
  ADD CONSTRAINT `fk_order_has_product_order1` FOREIGN KEY (`ol_ord_id`) REFERENCES `orders` (`ord_id`) ON DELETE NO ACTION ON UPDATE NO ACTION,
  ADD CONSTRAINT `fk_order_has_product_product1` FOREIGN KEY (`ol_prod_id`) REFERENCES `product` (`prod_id`) ON DELETE NO ACTION ON UPDATE NO ACTION;

--
-- Contraintes pour la table `orders`
--
ALTER TABLE `orders`
  ADD CONSTRAINT `fk_order_customer1` FOREIGN KEY (`ord_cust_id`) REFERENCES `customer` (`cust_id`) ON DELETE NO ACTION ON UPDATE NO ACTION;

--
-- Contraintes pour la table `product`
--
ALTER TABLE `product`
  ADD CONSTRAINT `fk_product_category1` FOREIGN KEY (`prod_cat_id`) REFERENCES `category` (`cat_id`) ON DELETE NO ACTION ON UPDATE NO ACTION;

--
-- Contraintes pour la table `users_roles`
--
ALTER TABLE `users_roles`
  ADD CONSTRAINT `fk_user_has_role_role1` FOREIGN KEY (`rol_id`) REFERENCES `role` (`rol_id`) ON DELETE NO ACTION ON UPDATE NO ACTION,
  ADD CONSTRAINT `fk_user_has_role_user1` FOREIGN KEY (`usr_id`) REFERENCES `user` (`usr_id`) ON DELETE NO ACTION ON UPDATE NO ACTION;

/*!40101 SET CHARACTER_SET_CLIENT=@OLD_CHARACTER_SET_CLIENT */;
/*!40101 SET CHARACTER_SET_RESULTS=@OLD_CHARACTER_SET_RESULTS */;
/*!40101 SET COLLATION_CONNECTION=@OLD_COLLATION_CONNECTION */;
